"Name","EnglishName","NativeName","Parent","IetfLanguageTag","TwoLetterISOLanguageName","ThreeLetterISOLanguageName","ThreeLetterWindowsLanguageName","IsNeutralCulture"
"","Invariant Language (Invariant Country)","Invariant Language (Invariant Country)","","","iv","ivl","IVL","0"
"aa","Afar","Afar","","aa","aa","aar","ZZZ","1"
"aa-DJ","Afar (Djibouti)","Afar (Djibouti)","aa","aa-DJ","aa","aar","ZZZ","0"
"aa-ER","Afar (Eritrea)","Afar (Eritrea)","aa","aa-ER","aa","aar","ZZZ","0"
"aa-ET","Afar (Ethiopia)","Afar (Ethiopia)","aa","aa-ET","aa","aar","ZZZ","0"
"af","Afrikaans","Afrikaans","","af","af","afr","AFK","1"
"af-NA","Afrikaans (Namibia)","Afrikaans (NamibiÃ«)","af","af-NA","af","afr","ZZZ","0"
"af-ZA","Afrikaans (South Africa)","Afrikaans (Suid-Afrika)","af","af-ZA","af","afr","AFK","0"
"agq","Aghem","Aghem","","agq","agq","agq","ZZZ","1"
"agq-CM","Aghem (Cameroon)","Aghem (KÃ mÃ lÃ»Å‹)","agq","agq-CM","agq","agq","ZZZ","0"
"ak","Akan","Akan","","ak","ak","aka","ZZZ","1"
"ak-GH","Akan (Ghana)","Akan (Gaana)","ak","ak-GH","ak","aka","ZZZ","0"
"am","Amharic","áŠ áˆ›áˆ­áŠ›","","am","am","amh","AMH","1"
"am-ET","Amharic (Ethiopia)","áŠ áˆ›áˆ­áŠ› (áŠ¢á‰µá‹®áŒµá‹«)","am","am-ET","am","amh","AMH","0"
"ar","Arabic","Ø§Ù„Ø¹Ø±Ø¨ÙŠØ©","","ar","ar","ara","ARA","1"
"ar-001","Arabic (World)","Ø§Ù„Ø¹Ø±Ø¨ÙŠØ© (Ø§Ù„Ø¹Ø§Ù„Ù…)","ar","ar-001","ar","ara","ZZZ","0"
"ar-AE","Arabic (United Arab Emirates)","Ø§Ù„Ø¹Ø±Ø¨ÙŠØ© (Ø§Ù„Ø¥Ù…Ø§Ø±Ø§Øª Ø§Ù„Ø¹Ø±Ø¨ÙŠØ© Ø§Ù„Ù…ØªØ­Ø¯Ø©)","ar","ar-AE","ar","ara","ARU","0"
"ar-BH","Arabic (Bahrain)","Ø§Ù„Ø¹Ø±Ø¨ÙŠØ© (Ø§Ù„Ø¨Ø­Ø±ÙŠÙ†)","ar","ar-BH","ar","ara","ARH","0"
"ar-DJ","Arabic (Djibouti)","Ø§Ù„Ø¹Ø±Ø¨ÙŠØ© (Ø¬ÙŠØ¨ÙˆØªÙŠ)","ar","ar-DJ","ar","ara","ZZZ","0"
"ar-DZ","Arabic (Algeria)","Ø§Ù„Ø¹Ø±Ø¨ÙŠØ© (Ø§Ù„Ø¬Ø²Ø§Ø¦Ø±)","ar","ar-DZ","ar","ara","ARG","0"
"ar-EG","Arabic (Egypt)","Ø§Ù„Ø¹Ø±Ø¨ÙŠØ© (Ù…ØµØ±)","ar","ar-EG","ar","ara","ARE","0"
"ar-ER","Arabic (Eritrea)","Ø§Ù„Ø¹Ø±Ø¨ÙŠØ© (Ø¥Ø±ÙŠØªØ±ÙŠØ§)","ar","ar-ER","ar","ara","ZZZ","0"
"ar-IL","Arabic (Israel)","Ø§Ù„Ø¹Ø±Ø¨ÙŠØ© (Ø¥Ø³Ø±Ø§Ø¦ÙŠÙ„)","ar","ar-IL","ar","ara","ZZZ","0"
"ar-IQ","Arabic (Iraq)","Ø§Ù„Ø¹Ø±Ø¨ÙŠØ© (Ø§Ù„Ø¹Ø±Ø§Ù‚)","ar","ar-IQ","ar","ara","ARI","0"
"ar-JO","Arabic (Jordan)","Ø§Ù„Ø¹Ø±Ø¨ÙŠØ© (Ø§Ù„Ø£Ø±Ø¯Ù†)","ar","ar-JO","ar","ara","ARJ","0"
"ar-KM","Arabic (Comoros)","Ø§Ù„Ø¹Ø±Ø¨ÙŠØ© (Ø¬Ø²Ø± Ø§Ù„Ù‚Ù…Ø±)","ar","ar-KM","ar","ara","ZZZ","0"
"ar-KW","Arabic (Kuwait)","Ø§Ù„Ø¹Ø±Ø¨ÙŠØ© (Ø§Ù„ÙƒÙˆÙŠØª)","ar","ar-KW","ar","ara","ARK","0"
"ar-LB","Arabic (Lebanon)","Ø§Ù„Ø¹Ø±Ø¨ÙŠØ© (Ù„Ø¨Ù†Ø§Ù†)","ar","ar-LB","ar","ara","ARB","0"
"ar-LY","Arabic (Libya)","Ø§Ù„Ø¹Ø±Ø¨ÙŠØ© (Ù„ÙŠØ¨ÙŠØ§)","ar","ar-LY","ar","ara","ARL","0"
"ar-MA","Arabic (Morocco)","Ø§Ù„Ø¹Ø±Ø¨ÙŠØ© (Ø§Ù„Ù…ØºØ±Ø¨)","ar","ar-MA","ar","ara","ARM","0"
"ar-MR","Arabic (Mauritania)","Ø§Ù„Ø¹Ø±Ø¨ÙŠØ© (Ù…ÙˆØ±ÙŠØªØ§Ù†ÙŠØ§)","ar","ar-MR","ar","ara","ZZZ","0"
"ar-OM","Arabic (Oman)","Ø§Ù„Ø¹Ø±Ø¨ÙŠØ© (Ø¹ÙÙ…Ø§Ù†)","ar","ar-OM","ar","ara","ARO","0"
"ar-PS","Arabic (Palestinian Authority)","Ø§Ù„Ø¹Ø±Ø¨ÙŠØ© (Ø§Ù„Ø³Ù„Ø·Ø© Ø§Ù„ÙÙ„Ø³Ø·ÙŠÙ†ÙŠØ©)","ar","ar-PS","ar","ara","ZZZ","0"
"ar-QA","Arabic (Qatar)","Ø§Ù„Ø¹Ø±Ø¨ÙŠØ© (Ù‚Ø·Ø±)","ar","ar-QA","ar","ara","ARQ","0"
"ar-SA","Arabic (Saudi Arabia)","Ø§Ù„Ø¹Ø±Ø¨ÙŠØ© (Ø§Ù„Ù…Ù…Ù„ÙƒØ© Ø§Ù„Ø¹Ø±Ø¨ÙŠØ© Ø§Ù„Ø³Ø¹ÙˆØ¯ÙŠØ©)","ar","ar-SA","ar","ara","ARA","0"
"ar-SD","Arabic (Sudan)","Ø§Ù„Ø¹Ø±Ø¨ÙŠØ© (Ø§Ù„Ø³ÙˆØ¯Ø§Ù†)","ar","ar-SD","ar","ara","ZZZ","0"
"ar-SO","Arabic (Somalia)","Ø§Ù„Ø¹Ø±Ø¨ÙŠØ© (Ø§Ù„ØµÙˆÙ…Ø§Ù„)","ar","ar-SO","ar","ara","ZZZ","0"
"ar-SS","Arabic (South Sudan)","Ø§Ù„Ø¹Ø±Ø¨ÙŠØ© (Ø¬Ù†ÙˆØ¨ Ø§Ù„Ø³ÙˆØ¯Ø§Ù†)","ar","ar-SS","ar","ara","ZZZ","0"
"ar-SY","Arabic (Syria)","Ø§Ù„Ø¹Ø±Ø¨ÙŠØ© (Ø³ÙˆØ±ÙŠØ§)","ar","ar-SY","ar","ara","ARS","0"
"ar-TD","Arabic (Chad)","Ø§Ù„Ø¹Ø±Ø¨ÙŠØ© (ØªØ´Ø§Ø¯)","ar","ar-TD","ar","ara","ZZZ","0"
"ar-TN","Arabic (Tunisia)","Ø§Ù„Ø¹Ø±Ø¨ÙŠØ© (ØªÙˆÙ†Ø³)","ar","ar-TN","ar","ara","ART","0"
"ar-YE","Arabic (Yemen)","Ø§Ù„Ø¹Ø±Ø¨ÙŠØ© (Ø§Ù„ÙŠÙ…Ù†)","ar","ar-YE","ar","ara","ARY","0"
"arn","Mapuche","Mapudungun","","arn","arn","arn","MPD","1"
"arn-CL","Mapuche (Chile)","Mapuche (Chile)","arn","arn-CL","arn","arn","MPD","0"
"as","Assamese","à¦…à¦¸à¦®à§€à¦¯à¦¼à¦¾","","as","as","asm","ASM","1"
"as-IN","Assamese (India)","à¦…à¦¸à¦®à§€à¦¯à¦¼à¦¾ (à¦­à¦¾à§°à¦¤)","as","as-IN","as","asm","ASM","0"
"asa","Asu","Kipare","","asa","asa","asa","ZZZ","1"
"asa-TZ","Asu (Tanzania)","Kipare (Tadhania)","asa","asa-TZ","asa","asa","ZZZ","0"
"ast","Asturian","asturianu","","ast","ast","ast","ZZZ","1"
"ast-ES","Asturian (Spain)","asturianu (EspaÃ±a)","ast","ast-ES","ast","ast","ZZZ","0"
"az","Azerbaijani","azÉ™rbaycan","","az","az","aze","AZE","1"
"az-Cyrl","Azerbaijani (Cyrillic)","Ğ°Ğ·Ó™Ñ€Ğ±Ğ°Ñ˜Ò¹Ğ°Ğ½ (ĞšĞ¸Ñ€Ğ¸Ğ»)","az","az-Cyrl","az","aze","AZC","1"
"az-Cyrl-AZ","Azerbaijani (Cyrillic, Azerbaijan)","Ğ°Ğ·Ó™Ñ€Ğ±Ğ°Ñ˜Ò¹Ğ°Ğ½ (ĞšĞ¸Ñ€Ğ¸Ğ», ĞĞ·Ó™Ñ€Ğ±Ğ°Ñ˜Ò¹Ğ°Ğ½)","az-Cyrl","az-Cyrl-AZ","az","aze","AZC","0"
"az-Latn","Azerbaijani (Latin)","azÉ™rbaycan (latÄ±n)","az","az-Latn","az","aze","AZE","1"
"az-Latn-AZ","Azerbaijani (Latin, Azerbaijan)","azÉ™rbaycan (latÄ±n, AzÉ™rbaycan)","az-Latn","az-Latn-AZ","az","aze","AZE","0"
"ba","Bashkir","Ğ±Ğ°ÑˆÒ¡Ğ¾Ñ€Ñ‚ Ñ‚ĞµĞ»Ğµ","","ba","ba","bak","BAS","1"
"ba-RU","Bashkir (Russia)","Bashkir (Russia)","ba","ba-RU","ba","bak","BAS","0"
"bas","Basaa","ÆÃ sÃ a","","bas","bas","bas","ZZZ","1"
"bas-CM","Basaa (Cameroon)","ÆÃ sÃ a (KÃ mÉ›Ì€rÃ»n)","bas","bas-CM","bas","bas","ZZZ","0"
"be","Belarusian","Ğ±ĞµĞ»Ğ°Ñ€ÑƒÑĞºĞ°Ñ","","be","be","bel","BEL","1"
"be-BY","Belarusian (Belarus)","Ğ±ĞµĞ»Ğ°Ñ€ÑƒÑĞºĞ°Ñ (Ğ‘ĞµĞ»Ğ°Ñ€ÑƒÑÑŒ)","be","be-BY","be","bel","BEL","0"
"bem","Bemba","Ichibemba","","bem","bem","bem","ZZZ","1"
"bem-ZM","Bemba (Zambia)","Ichibemba (Zambia)","bem","bem-ZM","bem","bem","ZZZ","0"
"bez","Bena","Hibena","","bez","bez","bez","ZZZ","1"
"bez-TZ","Bena (Tanzania)","Hibena (Hutanzania)","bez","bez-TZ","bez","bez","ZZZ","0"
"bg","Bulgarian","Ğ±ÑŠĞ»Ğ³Ğ°Ñ€ÑĞºĞ¸","","bg","bg","bul","BGR","1"
"bg-BG","Bulgarian (Bulgaria)","Ğ±ÑŠĞ»Ğ³Ğ°Ñ€ÑĞºĞ¸ (Ğ‘ÑŠĞ»Ğ³Ğ°Ñ€Ğ¸Ñ)","bg","bg-BG","bg","bul","BGR","0"
"bin","Edo","áº¸Ì€dÃ³","","bin","bin","bin","ZZZ","1"
"bin-NG","Edo (Nigeria)","áº¸Ì€dÃ³ (Nigeria)","bin","bin-NG","bin","bin","ZZZ","0"
"bm","Bamanankan","bamanakan","","bm","bm","bam","ZZZ","1"
"bm-ML","Bamanankan (Mali)","bamanakan (Mali)","bm","bm-ML","bm","bam","ZZZ","0"
"bn","Bangla","à¦¬à¦¾à¦‚à¦²à¦¾","","bn","bn","ben","BNB","1"
"bn-BD","Bangla (Bangladesh)","à¦¬à¦¾à¦‚à¦²à¦¾ (à¦¬à¦¾à¦‚à¦²à¦¾à¦¦à§‡à¦¶)","bn","bn-BD","bn","ben","BNB","0"
"bn-IN","Bangla (India)","à¦¬à¦¾à¦‚à¦²à¦¾ (à¦­à¦¾à¦°à¦¤)","bn","bn-IN","bn","ben","BNG","0"
"bo","Tibetan","à½–à½¼à½‘à¼‹à½¦à¾à½‘à¼‹","","bo","bo","bod","BOB","1"
"bo-CN","Tibetan (China)","à½–à½¼à½‘à¼‹à½¦à¾à½‘à¼‹ (à½¢à¾’à¾±à¼‹à½“à½‚)","bo","bo-CN","bo","bod","BOB","0"
"bo-IN","Tibetan (India)","à½–à½¼à½‘à¼‹à½¦à¾à½‘à¼‹ (à½¢à¾’à¾±à¼‹à½‚à½¢à¼‹)","bo","bo-IN","bo","bod","ZZZ","0"
"br","Breton","brezhoneg","","br","br","bre","BRE","1"
"br-FR","Breton (France)","brezhoneg (FraÃ±s)","br","br-FR","br","bre","BRE","0"
"brx","Bodo","à¤¬à¤¡à¤¼à¥‹","","brx","brx","brx","ZZZ","1"
"brx-IN","Bodo (India)","à¤¬à¤¡à¤¼à¥‹ (à¤­à¤¾à¤°à¤¤)","brx","brx-IN","brx","brx","ZZZ","0"
"bs","Bosnian","bosanski","","bs","bs","bos","BSB","1"
"bs-Cyrl","Bosnian (Cyrillic)","Ğ±Ğ¾ÑĞ°Ğ½ÑĞºĞ¸ (Ñ›Ğ¸Ñ€Ğ¸Ğ»Ğ¸Ñ†Ğ°)","bs","bs-Cyrl","bs","bos","BSC","1"
"bs-Cyrl-BA","Bosnian (Cyrillic, Bosnia & Herzegovina)","Ğ±Ğ¾ÑĞ°Ğ½ÑĞºĞ¸ (Ñ›Ğ¸Ñ€Ğ¸Ğ»Ğ¸Ñ†Ğ°, Ğ‘Ğ¾ÑĞ½Ğ° Ğ¸ Ğ¥ĞµÑ€Ñ†ĞµĞ³Ğ¾Ğ²Ğ¸Ğ½Ğ°)","bs-Cyrl","bs-Cyrl-BA","bs","bos","BSC","0"
"bs-Latn","Bosnian (Latin)","bosanski (latinica)","bs","bs-Latn","bs","bos","BSB","1"
"bs-Latn-BA","Bosnian (Latin, Bosnia & Herzegovina)","bosanski (latinica, Bosna i Hercegovina)","bs-Latn","bs-Latn-BA","bs","bos","BSB","0"
"byn","Blin","Blin","","byn","byn","byn","ZZZ","1"
"byn-ER","Blin (Eritrea)","Blin (Eritrea)","byn","byn-ER","byn","byn","ZZZ","0"
"ca","Catalan","catalÃ ","","ca","ca","cat","CAT","1"
"ca-AD","Catalan (Andorra)","catalÃ  (Andorra)","ca","ca-AD","ca","cat","ZZZ","0"
"ca-ES","Catalan (Spain)","catalÃ  (Espanya)","ca","ca-ES","ca","cat","CAT","0"
"ca-FR","Catalan (France)","catalÃ  (FranÃ§a)","ca","ca-FR","ca","cat","ZZZ","0"
"ca-IT","Catalan (Italy)","catalÃ  (ItÃ lia)","ca","ca-IT","ca","cat","ZZZ","0"
"ccp","Chakma","ğ‘„Œğ‘„‹ğ‘„´ğ‘„Ÿğ‘„³ğ‘„¦","","ccp","ccp","ccp","ZZZ","1"
"ccp-BD","Chakma (Bangladesh)","ğ‘„Œğ‘„‹ğ‘„´ğ‘„Ÿğ‘„³ğ‘„¦ (ğ‘„ğ‘„ğ‘„£ğ‘„˜ğ‘„¬ğ‘„Œğ‘„´)","ccp","ccp-BD","ccp","ccp","ZZZ","0"
"ccp-IN","Chakma (India)","ğ‘„Œğ‘„‹ğ‘„´ğ‘„Ÿğ‘„³ğ‘„¦ (ğ‘„ğ‘„¢ğ‘„§ğ‘„–ğ‘„´)","ccp","ccp-IN","ccp","ccp","ZZZ","0"
"ce","Chechen","Ğ½Ğ¾Ñ…Ñ‡Ğ¸Ğ¹Ğ½","","ce","ce","che","ZZZ","1"
"ce-RU","Chechen (Russia)","Ğ½Ğ¾Ñ…Ñ‡Ğ¸Ğ¹Ğ½ (Ğ Ğ¾ÑÑĞ¸)","ce","ce-RU","ce","che","ZZZ","0"
"ceb","Cebuano","Binisaya","","ceb","ceb","ceb","ZZZ","1"
"ceb-PH","Cebuano (Philippines)","Binisaya (Pilipinas)","ceb","ceb-PH","ceb","ceb","ZZZ","0"
"cgg","Chiga","Rukiga","","cgg","cgg","cgg","ZZZ","1"
"cgg-UG","Chiga (Uganda)","Rukiga (Uganda)","cgg","cgg-UG","cgg","cgg","ZZZ","0"
"chr","Cherokee","á£á³á©","","chr","chr","chr","CRE","1"
"chr-US","Cherokee (United States)","á£á³á© (áŒáŠ á¢á³á¾áµáá”á… áá¦ášá©)","chr","chr-US","chr","chr","ZZZ","0"
"ckb","Central Kurdish","Ú©ÙˆØ±Ø¯ÛŒÛŒ Ù†Ø§ÙˆÛ•Ù†Ø¯ÛŒ","","ckb","ckb","ckb","ZZZ","1"
"ckb-IQ","Central Kurdish (Iraq)","Ú©ÙˆØ±Ø¯ÛŒÛŒ Ù†Ø§ÙˆÛ•Ù†Ø¯ÛŒ (Ø¹ÛØ±Ø§Ù‚)","ckb","ckb-IQ","ckb","ckb","ZZZ","0"
"ckb-IR","Central Kurdish (Iran)","Ú©ÙˆØ±Ø¯ÛŒÛŒ Ù†Ø§ÙˆÛ•Ù†Ø¯ÛŒ (Ø¦ÛØ±Ø§Ù†)","ckb","ckb-IR","ckb","ckb","ZZZ","0"
"co","Corsican","corsu","","co","co","cos","COS","1"
"co-FR","Corsican (France)","Corsican (France)","co","co-FR","co","cos","COS","0"
"cs","Czech","ÄeÅ¡tina","","cs","cs","ces","CSY","1"
"cs-CZ","Czech (Czechia)","ÄeÅ¡tina (ÄŒesko)","cs","cs-CZ","cs","ces","CSY","0"
"cu","Church Slavic","Church Slavic","","cu","cu","chu","ZZZ","1"
"cu-RU","Church Slavic (Russia)","Church Slavic (Russia)","cu","cu-RU","cu","chu","ZZZ","0"
"cy","Welsh","Cymraeg","","cy","cy","cym","CYM","1"
"cy-GB","Welsh (United Kingdom)","Cymraeg (Y Deyrnas Unedig)","cy","cy-GB","cy","cym","CYM","0"
"da","Danish","dansk","","da","da","dan","DAN","1"
"da-DK","Danish (Denmark)","dansk (Danmark)","da","da-DK","da","dan","DAN","0"
"da-GL","Danish (Greenland)","dansk (GrÃ¸nland)","da","da-GL","da","dan","ZZZ","0"
"dav","Taita","Kitaita","","dav","dav","dav","ZZZ","1"
"dav-KE","Taita (Kenya)","Kitaita (Kenya)","dav","dav-KE","dav","dav","ZZZ","0"
"de","German","Deutsch","","de","de","deu","DEU","1"
"de-AT","German (Austria)","Deutsch (Ã–sterreich)","de","de-AT","de","deu","DEA","0"
"de-BE","German (Belgium)","Deutsch (Belgien)","de","de-BE","de","deu","ZZZ","0"
"de-CH","German (Switzerland)","Deutsch (Schweiz)","de","de-CH","de","deu","DES","0"
"de-DE","German (Germany)","Deutsch (Deutschland)","de","de-DE","de","deu","DEU","0"
"de-IT","German (Italy)","Deutsch (Italien)","de","de-IT","de","deu","ZZZ","0"
"de-LI","German (Liechtenstein)","Deutsch (Liechtenstein)","de","de-LI","de","deu","DEC","0"
"de-LU","German (Luxembourg)","Deutsch (Luxemburg)","de","de-LU","de","deu","DEL","0"
"dje","Zarma","Zarmaciine","","dje","dje","dje","ZZZ","1"
"dje-NE","Zarma (Niger)","Zarmaciine (NiÅ¾er)","dje","dje-NE","dje","dje","ZZZ","0"
"doi","Dogri","à¤¡à¥‹à¤—à¤°à¥€","","doi","doi","doi","ZZZ","1"
"doi-IN","Dogri (India)","à¤¡à¥‹à¤—à¤°à¥€ (à¤­à¤¾à¤°à¤¤)","doi","doi-IN","doi","doi","ZZZ","0"
"dsb","Lower Sorbian","dolnoserbÅ¡Ä‡ina","","dsb","dsb","dsb","DSB","1"
"dsb-DE","Lower Sorbian (Germany)","dolnoserbÅ¡Ä‡ina (Nimska)","dsb","dsb-DE","dsb","dsb","DSB","0"
"dua","Duala","duÃ¡lÃ¡","","dua","dua","dua","ZZZ","1"
"dua-CM","Duala (Cameroon)","duÃ¡lÃ¡ (Cameroun)","dua","dua-CM","dua","dua","ZZZ","0"
"dv","Divehi","Divehi","","dv","dv","div","DIV","1"
"dv-MV","Divehi (Maldives)","Divehi (Maldives)","dv","dv-MV","dv","div","DIV","0"
"dyo","Jola-Fonyi","joola","","dyo","dyo","dyo","ZZZ","1"
"dyo-SN","Jola-Fonyi (Senegal)","joola (Senegal)","dyo","dyo-SN","dyo","dyo","ZZZ","0"
"dz","Dzongkha","à½¢à¾«à½¼à½„à¼‹à½","","dz","dz","dzo","ZZZ","1"
"dz-BT","Dzongkha (Bhutan)","à½¢à¾«à½¼à½„à¼‹à½à¼ (à½ à½–à¾²à½´à½‚à¼)","dz","dz-BT","dz","dzo","ZZZ","0"
"ebu","Embu","KÄ©embu","","ebu","ebu","ebu","ZZZ","1"
"ebu-KE","Embu (Kenya)","KÄ©embu (Kenya)","ebu","ebu-KE","ebu","ebu","ZZZ","0"
"ee","Ewe","EÊ‹egbe","","ee","ee","ewe","ZZZ","1"
"ee-GH","Ewe (Ghana)","EÊ‹egbe (Ghana nutome)","ee","ee-GH","ee","ewe","ZZZ","0"
"ee-TG","Ewe (Togo)","EÊ‹egbe (Togo nutome)","ee","ee-TG","ee","ewe","ZZZ","0"
"el","Greek","Î•Î»Î»Î·Î½Î¹ÎºÎ¬","","el","el","ell","ELL","1"
"el-CY","Greek (Cyprus)","Î•Î»Î»Î·Î½Î¹ÎºÎ¬ (ÎšÏÏ€ÏÎ¿Ï‚)","el","el-CY","el","ell","ZZZ","0"
"el-GR","Greek (Greece)","Î•Î»Î»Î·Î½Î¹ÎºÎ¬ (Î•Î»Î»Î¬Î´Î±)","el","el-GR","el","ell","ELL","0"
"en","English","English","","en","en","eng","ENU","1"
"en-001","English (World)","English (World)","en","en-001","en","eng","ZZZ","0"
"en-029","English (Caribbean)","English (Caribbean)","en","en-029","en","eng","ENB","0"
"en-150","English (Europe)","English (Europe)","en","en-150","en","eng","ZZZ","0"
"en-AE","English (United Arab Emirates)","English (United Arab Emirates)","en","en-AE","en","eng","ZZZ","0"
"en-AG","English (Antigua & Barbuda)","English (Antigua & Barbuda)","en","en-AG","en","eng","ZZZ","0"
"en-AI","English (Anguilla)","English (Anguilla)","en","en-AI","en","eng","ZZZ","0"
"en-AS","English (American Samoa)","English (American Samoa)","en","en-AS","en","eng","ZZZ","0"
"en-AT","English (Austria)","English (Austria)","en","en-AT","en","eng","ZZZ","0"
"en-AU","English (Australia)","English (Australia)","en","en-AU","en","eng","ENA","0"
"en-BB","English (Barbados)","English (Barbados)","en","en-BB","en","eng","ZZZ","0"
"en-BE","English (Belgium)","English (Belgium)","en","en-BE","en","eng","ZZZ","0"
"en-BI","English (Burundi)","English (Burundi)","en","en-BI","en","eng","ZZZ","0"
"en-BM","English (Bermuda)","English (Bermuda)","en","en-BM","en","eng","ZZZ","0"
"en-BS","English (Bahamas)","English (Bahamas)","en","en-BS","en","eng","ZZZ","0"
"en-BW","English (Botswana)","English (Botswana)","en","en-BW","en","eng","ZZZ","0"
"en-BZ","English (Belize)","English (Belize)","en","en-BZ","en","eng","ENL","0"
"en-CA","English (Canada)","English (Canada)","en","en-CA","en","eng","ENC","0"
"en-CC","English (Cocos [Keeling] Islands)","English (Cocos [Keeling] Islands)","en","en-CC","en","eng","ZZZ","0"
"en-CH","English (Switzerland)","English (Switzerland)","en","en-CH","en","eng","ZZZ","0"
"en-CK","English (Cook Islands)","English (Cook Islands)","en","en-CK","en","eng","ZZZ","0"
"en-CM","English (Cameroon)","English (Cameroon)","en","en-CM","en","eng","ZZZ","0"
"en-CX","English (Christmas Island)","English (Christmas Island)","en","en-CX","en","eng","ZZZ","0"
"en-CY","English (Cyprus)","English (Cyprus)","en","en-CY","en","eng","ZZZ","0"
"en-DE","English (Germany)","English (Germany)","en","en-DE","en","eng","ZZZ","0"
"en-DK","English (Denmark)","English (Denmark)","en","en-DK","en","eng","ZZZ","0"
"en-DM","English (Dominica)","English (Dominica)","en","en-DM","en","eng","ZZZ","0"
"en-ER","English (Eritrea)","English (Eritrea)","en","en-ER","en","eng","ZZZ","0"
"en-FI","English (Finland)","English (Finland)","en","en-FI","en","eng","ZZZ","0"
"en-FJ","English (Fiji)","English (Fiji)","en","en-FJ","en","eng","ZZZ","0"
"en-FK","English (Falkland Islands)","English (Falkland Islands)","en","en-FK","en","eng","ZZZ","0"
"en-FM","English (Micronesia)","English (Micronesia)","en","en-FM","en","eng","ZZZ","0"
"en-GB","English (United Kingdom)","English (United Kingdom)","en","en-GB","en","eng","ENG","0"
"en-GD","English (Grenada)","English (Grenada)","en","en-GD","en","eng","ZZZ","0"
"en-GG","English (Guernsey)","English (Guernsey)","en","en-GG","en","eng","ZZZ","0"
"en-GH","English (Ghana)","English (Ghana)","en","en-GH","en","eng","ZZZ","0"
"en-GI","English (Gibraltar)","English (Gibraltar)","en","en-GI","en","eng","ZZZ","0"
"en-GM","English (Gambia)","English (Gambia)","en","en-GM","en","eng","ZZZ","0"
"en-GU","English (Guam)","English (Guam)","en","en-GU","en","eng","ZZZ","0"
"en-GY","English (Guyana)","English (Guyana)","en","en-GY","en","eng","ZZZ","0"
"en-HK","English (Hong Kong SAR)","English (Hong Kong SAR)","en","en-HK","en","eng","ENH","0"
"en-ID","English (Indonesia)","English (Indonesia)","en","en-ID","en","eng","ZZZ","0"
"en-IE","English (Ireland)","English (Ireland)","en","en-IE","en","eng","ENI","0"
"en-IL","English (Israel)","English (Israel)","en","en-IL","en","eng","ZZZ","0"
"en-IM","English (Isle of Man)","English (Isle of Man)","en","en-IM","en","eng","ZZZ","0"
"en-IN","English (India)","English (India)","en","en-IN","en","eng","ENN","0"
"en-IO","English (British Indian Ocean Territory)","English (British Indian Ocean Territory)","en","en-IO","en","eng","ZZZ","0"
"en-JE","English (Jersey)","English (Jersey)","en","en-JE","en","eng","ZZZ","0"
"en-JM","English (Jamaica)","English (Jamaica)","en","en-JM","en","eng","ENJ","0"
"en-KE","English (Kenya)","English (Kenya)","en","en-KE","en","eng","ZZZ","0"
"en-KI","English (Kiribati)","English (Kiribati)","en","en-KI","en","eng","ZZZ","0"
"en-KN","English (St. Kitts & Nevis)","English (St. Kitts & Nevis)","en","en-KN","en","eng","ZZZ","0"
"en-KY","English (Cayman Islands)","English (Cayman Islands)","en","en-KY","en","eng","ZZZ","0"
"en-LC","English (St. Lucia)","English (St. Lucia)","en","en-LC","en","eng","ZZZ","0"
"en-LR","English (Liberia)","English (Liberia)","en","en-LR","en","eng","ZZZ","0"
"en-LS","English (Lesotho)","English (Lesotho)","en","en-LS","en","eng","ZZZ","0"
"en-MG","English (Madagascar)","English (Madagascar)","en","en-MG","en","eng","ZZZ","0"
"en-MH","English (Marshall Islands)","English (Marshall Islands)","en","en-MH","en","eng","ZZZ","0"
"en-MO","English (Macao SAR)","English (Macao SAR)","en","en-MO","en","eng","ZZZ","0"
"en-MP","English (Northern Mariana Islands)","English (Northern Mariana Islands)","en","en-MP","en","eng","ZZZ","0"
"en-MS","English (Montserrat)","English (Montserrat)","en","en-MS","en","eng","ZZZ","0"
"en-MT","English (Malta)","English (Malta)","en","en-MT","en","eng","ZZZ","0"
"en-MU","English (Mauritius)","English (Mauritius)","en","en-MU","en","eng","ZZZ","0"
"en-MW","English (Malawi)","English (Malawi)","en","en-MW","en","eng","ZZZ","0"
"en-MY","English (Malaysia)","English (Malaysia)","en","en-MY","en","eng","ENM","0"
"en-NA","English (Namibia)","English (Namibia)","en","en-NA","en","eng","ZZZ","0"
"en-NF","English (Norfolk Island)","English (Norfolk Island)","en","en-NF","en","eng","ZZZ","0"
"en-NG","English (Nigeria)","English (Nigeria)","en","en-NG","en","eng","ZZZ","0"
"en-NL","English (Netherlands)","English (Netherlands)","en","en-NL","en","eng","ZZZ","0"
"en-NR","English (Nauru)","English (Nauru)","en","en-NR","en","eng","ZZZ","0"
"en-NU","English (Niue)","English (Niue)","en","en-NU","en","eng","ZZZ","0"
"en-NZ","English (New Zealand)","English (New Zealand)","en","en-NZ","en","eng","ENZ","0"
"en-PG","English (Papua New Guinea)","English (Papua New Guinea)","en","en-PG","en","eng","ZZZ","0"
"en-PH","English (Philippines)","English (Philippines)","en","en-PH","en","eng","ENP","0"
"en-PK","English (Pakistan)","English (Pakistan)","en","en-PK","en","eng","ZZZ","0"
"en-PN","English (Pitcairn Islands)","English (Pitcairn Islands)","en","en-PN","en","eng","ZZZ","0"
"en-PR","English (Puerto Rico)","English (Puerto Rico)","en","en-PR","en","eng","ZZZ","0"
"en-PW","English (Palau)","English (Palau)","en","en-PW","en","eng","ZZZ","0"
"en-RW","English (Rwanda)","English (Rwanda)","en","en-RW","en","eng","ZZZ","0"
"en-SB","English (Solomon Islands)","English (Solomon Islands)","en","en-SB","en","eng","ZZZ","0"
"en-SC","English (Seychelles)","English (Seychelles)","en","en-SC","en","eng","ZZZ","0"
"en-SD","English (Sudan)","English (Sudan)","en","en-SD","en","eng","ZZZ","0"
"en-SE","English (Sweden)","English (Sweden)","en","en-SE","en","eng","ZZZ","0"
"en-SG","English (Singapore)","English (Singapore)","en","en-SG","en","eng","ENE","0"
"en-SH","English (St Helena, Ascension, Tristan da Cunha)","English (St. Helena)","en","en-SH","en","eng","ZZZ","0"
"en-SI","English (Slovenia)","English (Slovenia)","en","en-SI","en","eng","ZZZ","0"
"en-SL","English (Sierra Leone)","English (Sierra Leone)","en","en-SL","en","eng","ZZZ","0"
"en-SS","English (South Sudan)","English (South Sudan)","en","en-SS","en","eng","ZZZ","0"
"en-SX","English (Sint Maarten)","English (Sint Maarten)","en","en-SX","en","eng","ZZZ","0"
"en-SZ","English (Eswatini)","English (Eswatini)","en","en-SZ","en","eng","ZZZ","0"
"en-TC","English (Turks & Caicos Islands)","English (Turks & Caicos Islands)","en","en-TC","en","eng","ZZZ","0"
"en-TK","English (Tokelau)","English (Tokelau)","en","en-TK","en","eng","ZZZ","0"
"en-TO","English (Tonga)","English (Tonga)","en","en-TO","en","eng","ZZZ","0"
"en-TT","English (Trinidad & Tobago)","English (Trinidad & Tobago)","en","en-TT","en","eng","ENT","0"
"en-TV","English (Tuvalu)","English (Tuvalu)","en","en-TV","en","eng","ZZZ","0"
"en-TZ","English (Tanzania)","English (Tanzania)","en","en-TZ","en","eng","ZZZ","0"
"en-UG","English (Uganda)","English (Uganda)","en","en-UG","en","eng","ZZZ","0"
"en-UM","English (U.S. Outlying Islands)","English (U.S. Outlying Islands)","en","en-UM","en","eng","ZZZ","0"
"en-US","English (United States)","English (United States)","en","en-US","en","eng","ENU","0"
"en-US-POSIX","English (United States, Computer)","English (United States, Computer)","en-US","en-US-POSIX","en","eng","ZZZ","0"
"en-VC","English (St. Vincent & Grenadines)","English (St. Vincent & Grenadines)","en","en-VC","en","eng","ZZZ","0"
"en-VG","English (British Virgin Islands)","English (British Virgin Islands)","en","en-VG","en","eng","ZZZ","0"
"en-VI","English (U.S. Virgin Islands)","English (U.S. Virgin Islands)","en","en-VI","en","eng","ZZZ","0"
"en-VU","English (Vanuatu)","English (Vanuatu)","en","en-VU","en","eng","ZZZ","0"
"en-WS","English (Samoa)","English (Samoa)","en","en-WS","en","eng","ZZZ","0"
"en-ZA","English (South Africa)","English (South Africa)","en","en-ZA","en","eng","ENS","0"
"en-ZM","English (Zambia)","English (Zambia)","en","en-ZM","en","eng","ZZZ","0"
"en-ZW","English (Zimbabwe)","English (Zimbabwe)","en","en-ZW","en","eng","ENW","0"
"eo","Esperanto","esperanto","","eo","eo","epo","ZZZ","1"
"eo-001","Esperanto (World)","esperanto (Mondo)","eo","eo-001","eo","epo","ZZZ","0"
"es","Spanish","espaÃ±ol","","es","es","spa","ESP","1"
"es-419","Spanish (Latin America)","espaÃ±ol (LatinoamÃ©rica)","es","es-419","es","spa","ESJ","0"
"es-AR","Spanish (Argentina)","espaÃ±ol (Argentina)","es","es-AR","es","spa","ESS","0"
"es-BO","Spanish (Bolivia)","espaÃ±ol (Bolivia)","es","es-BO","es","spa","ESB","0"
"es-BR","Spanish (Brazil)","espaÃ±ol (Brasil)","es","es-BR","es","spa","ZZZ","0"
"es-BZ","Spanish (Belize)","espaÃ±ol (Belice)","es","es-BZ","es","spa","ZZZ","0"
"es-CL","Spanish (Chile)","espaÃ±ol (Chile)","es","es-CL","es","spa","ESL","0"
"es-CO","Spanish (Colombia)","espaÃ±ol (Colombia)","es","es-CO","es","spa","ESO","0"
"es-CR","Spanish (Costa Rica)","espaÃ±ol (Costa Rica)","es","es-CR","es","spa","ESC","0"
"es-CU","Spanish (Cuba)","espaÃ±ol (Cuba)","es","es-CU","es","spa","ESK","0"
"es-DO","Spanish (Dominican Republic)","espaÃ±ol (RepÃºblica Dominicana)","es","es-DO","es","spa","ESD","0"
"es-EC","Spanish (Ecuador)","espaÃ±ol (Ecuador)","es","es-EC","es","spa","ESF","0"
"es-ES","Spanish (Spain)","espaÃ±ol (EspaÃ±a)","es","es-ES","es","spa","ESN","0"
"es-GQ","Spanish (Equatorial Guinea)","espaÃ±ol (Guinea Ecuatorial)","es","es-GQ","es","spa","ZZZ","0"
"es-GT","Spanish (Guatemala)","espaÃ±ol (Guatemala)","es","es-GT","es","spa","ESG","0"
"es-HN","Spanish (Honduras)","espaÃ±ol (Honduras)","es","es-HN","es","spa","ESH","0"
"es-MX","Spanish (Mexico)","espaÃ±ol (MÃ©xico)","es","es-MX","es","spa","ESM","0"
"es-NI","Spanish (Nicaragua)","espaÃ±ol (Nicaragua)","es","es-NI","es","spa","ESI","0"
"es-PA","Spanish (Panama)","espaÃ±ol (PanamÃ¡)","es","es-PA","es","spa","ESA","0"
"es-PE","Spanish (Peru)","espaÃ±ol (PerÃº)","es","es-PE","es","spa","ESR","0"
"es-PH","Spanish (Philippines)","espaÃ±ol (Filipinas)","es","es-PH","es","spa","ZZZ","0"
"es-PR","Spanish (Puerto Rico)","espaÃ±ol (Puerto Rico)","es","es-PR","es","spa","ESU","0"
"es-PY","Spanish (Paraguay)","espaÃ±ol (Paraguay)","es","es-PY","es","spa","ESZ","0"
"es-SV","Spanish (El Salvador)","espaÃ±ol (El Salvador)","es","es-SV","es","spa","ESE","0"
"es-US","Spanish (United States)","espaÃ±ol (Estados Unidos)","es","es-US","es","spa","EST","0"
"es-UY","Spanish (Uruguay)","espaÃ±ol (Uruguay)","es","es-UY","es","spa","ESY","0"
"es-VE","Spanish (Venezuela)","espaÃ±ol (Venezuela)","es","es-VE","es","spa","ESV","0"
"et","Estonian","eesti","","et","et","est","ETI","1"
"et-EE","Estonian (Estonia)","eesti (Eesti)","et","et-EE","et","est","ETI","0"
"eu","Basque","euskara","","eu","eu","eus","EUQ","1"
"eu-ES","Basque (Spain)","euskara (Espainia)","eu","eu-ES","eu","eus","EUQ","0"
"ewo","Ewondo","ewondo","","ewo","ewo","ewo","ZZZ","1"
"ewo-CM","Ewondo (Cameroon)","ewondo (KamÉ™rÃºn)","ewo","ewo-CM","ewo","ewo","ZZZ","0"
"fa","Persian","ÙØ§Ø±Ø³ÛŒ","","fa","fa","fas","FAR","1"
"fa-AF","Persian (Afghanistan)","ÙØ§Ø±Ø³ÛŒ (Ø§ÙØºØ§Ù†Ø³ØªØ§Ù†)","fa","fa-AF","fa","fas","ZZZ","0"
"fa-IR","Persian (Iran)","ÙØ§Ø±Ø³ÛŒ (Ø§ÛŒØ±Ø§Ù†)","fa","fa-IR","fa","fas","FAR","0"
"ff","Fulah","Pulaar","","ff","ff","ful","FUL","1"
"ff-Adlm","Fulah (Adlam)","ğ¤†ğ¤µğ¤¤ğ¤¢ğ¤ª (ğ¤€ğ¤ğ¤‚ğ¤¢ğ¤ƒ)","ff","ff-Adlm","ff","ful","ZZZ","1"
"ff-Adlm-BF","Fulah (Adlam, Burkina Faso)","ğ¤†ğ¤µğ¤¤ğ¤¢ğ¤ª (ğ¤€ğ¤ğ¤‚ğ¤¢ğ¤ƒâ¹ ğ¤„ğ¤µğ¤ªğ¤³ğ¤­ğ¤²ğ¤¢ ğ¤Šğ¤¢ğ¤§ğ¤®ğ¥…)","ff-Adlm","ff-Adlm-BF","ff","ful","ZZZ","0"
"ff-Adlm-CM","Fulah (Adlam, Cameroon)","ğ¤†ğ¤µğ¤¤ğ¤¢ğ¤ª (ğ¤€ğ¤ğ¤‚ğ¤¢ğ¤ƒâ¹ ğ¤‘ğ¤¢ğ¤¥ğ¤¢ğ¤ªğ¤µğ¥…ğ¤²)","ff-Adlm","ff-Adlm-CM","ff","ful","ZZZ","0"
"ff-Adlm-GH","Fulah (Adlam, Ghana)","ğ¤†ğ¤µğ¤¤ğ¤¢ğ¤ª (ğ¤€ğ¤ğ¤‚ğ¤¢ğ¤ƒâ¹ ğ¤˜ğ¤¢ğ¤²ğ¤¢)","ff-Adlm","ff-Adlm-GH","ff","ful","ZZZ","0"
"ff-Adlm-GM","Fulah (Adlam, Gambia)","ğ¤†ğ¤µğ¤¤ğ¤¢ğ¤ª (ğ¤€ğ¤ğ¤‚ğ¤¢ğ¤ƒâ¹ ğ¤˜ğ¤¢ğ¤¥ğ¤¦ğ¤­ğ¤´ğ¤¢)","ff-Adlm","ff-Adlm-GM","ff","ful","ZZZ","0"
"ff-Adlm-GN","Fulah (Adlam, Guinea)","ğ¤†ğ¤µğ¤¤ğ¤¢ğ¤ª (ğ¤€ğ¤ğ¤‚ğ¤¢ğ¤ƒâ¹ ğ¤˜ğ¤­ğ¤²ğ¤«)","ff-Adlm","ff-Adlm-GN","ff","ful","ZZZ","0"
"ff-Adlm-GW","Fulah (Adlam, Guinea-Bissau)","ğ¤†ğ¤µğ¤¤ğ¤¢ğ¤ª (ğ¤€ğ¤ğ¤‚ğ¤¢ğ¤ƒâ¹ ğ¤˜ğ¤­ğ¤²ğ¤«-ğ¤„ğ¤­ğ¤§ğ¤¢ğ¤±ğ¤®ğ¥…)","ff-Adlm","ff-Adlm-GW","ff","ful","ZZZ","0"
"ff-Adlm-LR","Fulah (Adlam, Liberia)","ğ¤†ğ¤µğ¤¤ğ¤¢ğ¤ª (ğ¤€ğ¤ğ¤‚ğ¤¢ğ¤ƒâ¹ ğ¤‚ğ¤¢ğ¤¦ğ¤­ğ¤ªğ¤­ğ¤´ğ¤¢ğ¥„)","ff-Adlm","ff-Adlm-LR","ff","ful","ZZZ","0"
"ff-Adlm-MR","Fulah (Adlam, Mauritania)","ğ¤†ğ¤µğ¤¤ğ¤¢ğ¤ª (ğ¤€ğ¤ğ¤‚ğ¤¢ğ¤ƒâ¹ ğ¤ƒğ¤®ğ¤ªğ¤¼ğ¤¢ğ¤²ğ¤­ğ¥…)","ff-Adlm","ff-Adlm-MR","ff","ful","ZZZ","0"
"ff-Adlm-NE","Fulah (Adlam, Niger)","ğ¤†ğ¤µğ¤¤ğ¤¢ğ¤ª (ğ¤€ğ¤ğ¤‚ğ¤¢ğ¤ƒâ¹ ğ¤ğ¤­ğ¥…ğ¤¶ğ¤«ğ¤ª)","ff-Adlm","ff-Adlm-NE","ff","ful","ZZZ","0"
"ff-Adlm-NG","Fulah (Adlam, Nigeria)","ğ¤†ğ¤µğ¤¤ğ¤¢ğ¤ª (ğ¤€ğ¤ğ¤‚ğ¤¢ğ¤ƒâ¹ ğ¤ğ¤¢ğ¤¶ğ¤«ğ¤ªğ¤­ğ¤´ğ¤¢ğ¥„)","ff-Adlm","ff-Adlm-NG","ff","ful","ZZZ","0"
"ff-Adlm-SL","Fulah (Adlam, Sierra Leone)","ğ¤†ğ¤µğ¤¤ğ¤¢ğ¤ª (ğ¤€ğ¤ğ¤‚ğ¤¢ğ¤ƒâ¹ ğ¤…ğ¤¢ğ¤ªğ¤¢ğ¤¤ğ¤®ğ¤²)","ff-Adlm","ff-Adlm-SL","ff","ful","ZZZ","0"
"ff-Adlm-SN","Fulah (Adlam, Senegal)","ğ¤†ğ¤µğ¤¤ğ¤¢ğ¤ª (ğ¤€ğ¤ğ¤‚ğ¤¢ğ¤ƒâ¹ ğ¤…ğ¤«ğ¤²ğ¤«ğ¤ºğ¤¢ğ¥„ğ¤¤)","ff-Adlm","ff-Adlm-SN","ff","ful","ZZZ","0"
"ff-Latn","Fulah (Latin)","Fulah (Latin)","ff","ff-Latn","ff","ful","FUL","1"
"ff-Latn-BF","Fulah (Latin, Burkina Faso)","Fulah (Latin, Burkina Faso)","ff-Latn","ff-Latn-BF","ff","ful","ZZZ","0"
"ff-Latn-CM","Fulah (Latin, Cameroon)","Fulah (Latin, Cameroon)","ff-Latn","ff-Latn-CM","ff","ful","ZZZ","0"
"ff-Latn-GH","Fulah (Latin, Ghana)","Fulah (Latin, Ghana)","ff-Latn","ff-Latn-GH","ff","ful","ZZZ","0"
"ff-Latn-GM","Fulah (Latin, Gambia)","Fulah (Latin, Gambia)","ff-Latn","ff-Latn-GM","ff","ful","ZZZ","0"
"ff-Latn-GN","Fulah (Latin, Guinea)","Fulah (Latin, Guinea)","ff-Latn","ff-Latn-GN","ff","ful","ZZZ","0"
"ff-Latn-GW","Fulah (Latin, Guinea-Bissau)","Fulah (Latin, Guinea-Bissau)","ff-Latn","ff-Latn-GW","ff","ful","ZZZ","0"
"ff-Latn-LR","Fulah (Latin, Liberia)","Fulah (Latin, Liberia)","ff-Latn","ff-Latn-LR","ff","ful","ZZZ","0"
"ff-Latn-MR","Fulah (Latin, Mauritania)","Fulah (Latin, Mauritania)","ff-Latn","ff-Latn-MR","ff","ful","ZZZ","0"
"ff-Latn-NE","Fulah (Latin, Niger)","Fulah (Latin, Niger)","ff-Latn","ff-Latn-NE","ff","ful","ZZZ","0"
"ff-Latn-NG","Fulah (Latin, Nigeria)","Fulah (Latin, Nigeria)","ff-Latn","ff-Latn-NG","ff","ful","ZZZ","0"
"ff-Latn-SL","Fulah (Latin, Sierra Leone)","Fulah (Latin, Sierra Leone)","ff-Latn","ff-Latn-SL","ff","ful","ZZZ","0"
"ff-Latn-SN","Fulah (Latin, Senegal)","Fulah (Latin, Senegal)","ff-Latn","ff-Latn-SN","ff","ful","FUL","0"
"fi","Finnish","suomi","","fi","fi","fin","FIN","1"
"fi-FI","Finnish (Finland)","suomi (Suomi)","fi","fi-FI","fi","fin","FIN","0"
"fil","Filipino","Filipino","","fil","fil","fil","FPO","1"
"fil-PH","Filipino (Philippines)","Filipino (Pilipinas)","fil","fil-PH","fil","fil","FPO","0"
"fo","Faroese","fÃ¸royskt","","fo","fo","fao","FOS","1"
"fo-DK","Faroese (Denmark)","fÃ¸royskt (Danmark)","fo","fo-DK","fo","fao","ZZZ","0"
"fo-FO","Faroese (Faroe Islands)","fÃ¸royskt (FÃ¸royar)","fo","fo-FO","fo","fao","FOS","0"
"fr","French","franÃ§ais","","fr","fr","fra","FRA","1"
"fr-029","French (Caribbean)","franÃ§ais (CaraÃ¯bes)","fr","fr-029","fr","fra","ZZZ","0"
"fr-BE","French (Belgium)","franÃ§ais (Belgique)","fr","fr-BE","fr","fra","FRB","0"
"fr-BF","French (Burkina Faso)","franÃ§ais (Burkina Faso)","fr","fr-BF","fr","fra","ZZZ","0"
"fr-BI","French (Burundi)","franÃ§ais (Burundi)","fr","fr-BI","fr","fra","ZZZ","0"
"fr-BJ","French (Benin)","franÃ§ais (BÃ©nin)","fr","fr-BJ","fr","fra","ZZZ","0"
"fr-BL","French (St. BarthÃ©lemy)","franÃ§ais (Saint-BarthÃ©lemy)","fr","fr-BL","fr","fra","ZZZ","0"
"fr-CA","French (Canada)","franÃ§ais (Canada)","fr","fr-CA","fr","fra","FRC","0"
"fr-CD","French (Congo [DRC])","franÃ§ais (Congo [RÃ©publique dÃ©mocratique du])","fr","fr-CD","fr","fra","FRD","0"
"fr-CF","French (Central African Republic)","franÃ§ais (RÃ©publique centrafricaine)","fr","fr-CF","fr","fra","ZZZ","0"
"fr-CG","French (Congo)","franÃ§ais (Congo)","fr","fr-CG","fr","fra","ZZZ","0"
"fr-CH","French (Switzerland)","franÃ§ais (Suisse)","fr","fr-CH","fr","fra","FRS","0"
"fr-CI","French (CÃ´te dâ€™Ivoire)","franÃ§ais (CÃ´te dâ€™Ivoire)","fr","fr-CI","fr","fra","FRI","0"
"fr-CM","French (Cameroon)","franÃ§ais (Cameroun)","fr","fr-CM","fr","fra","FRE","0"
"fr-DJ","French (Djibouti)","franÃ§ais (Djibouti)","fr","fr-DJ","fr","fra","ZZZ","0"
"fr-DZ","French (Algeria)","franÃ§ais (AlgÃ©rie)","fr","fr-DZ","fr","fra","ZZZ","0"
"fr-FR","French (France)","franÃ§ais (France)","fr","fr-FR","fr","fra","FRA","0"
"fr-GA","French (Gabon)","franÃ§ais (Gabon)","fr","fr-GA","fr","fra","ZZZ","0"
"fr-GF","French (French Guiana)","franÃ§ais (Guyane franÃ§aise)","fr","fr-GF","fr","fra","ZZZ","0"
"fr-GN","French (Guinea)","franÃ§ais (GuinÃ©e)","fr","fr-GN","fr","fra","ZZZ","0"
"fr-GP","French (Guadeloupe)","franÃ§ais (Guadeloupe)","fr","fr-GP","fr","fra","ZZZ","0"
"fr-GQ","French (Equatorial Guinea)","franÃ§ais (GuinÃ©e Ã©quatoriale)","fr","fr-GQ","fr","fra","ZZZ","0"
"fr-HT","French (Haiti)","franÃ§ais (HaÃ¯ti)","fr","fr-HT","fr","fra","FRH","0"
"fr-KM","French (Comoros)","franÃ§ais (Comores)","fr","fr-KM","fr","fra","ZZZ","0"
"fr-LU","French (Luxembourg)","franÃ§ais (Luxembourg)","fr","fr-LU","fr","fra","FRL","0"
"fr-MA","French (Morocco)","franÃ§ais (Maroc)","fr","fr-MA","fr","fra","FRO","0"
"fr-MC","French (Monaco)","franÃ§ais (Monaco)","fr","fr-MC","fr","fra","FRM","0"
"fr-MF","French (St. Martin)","franÃ§ais (Saint-Martin)","fr","fr-MF","fr","fra","ZZZ","0"
"fr-MG","French (Madagascar)","franÃ§ais (Madagascar)","fr","fr-MG","fr","fra","ZZZ","0"
"fr-ML","French (Mali)","franÃ§ais (Mali)","fr","fr-ML","fr","fra","FRF","0"
"fr-MQ","French (Martinique)","franÃ§ais (Martinique)","fr","fr-MQ","fr","fra","ZZZ","0"
"fr-MR","French (Mauritania)","franÃ§ais (Mauritanie)","fr","fr-MR","fr","fra","ZZZ","0"
"fr-MU","French (Mauritius)","franÃ§ais (Maurice)","fr","fr-MU","fr","fra","ZZZ","0"
"fr-NC","French (New Caledonia)","franÃ§ais (Nouvelle-CalÃ©donie)","fr","fr-NC","fr","fra","ZZZ","0"
"fr-NE","French (Niger)","franÃ§ais (Niger)","fr","fr-NE","fr","fra","ZZZ","0"
"fr-PF","French (French Polynesia)","franÃ§ais (PolynÃ©sie franÃ§aise)","fr","fr-PF","fr","fra","ZZZ","0"
"fr-PM","French (St. Pierre & Miquelon)","franÃ§ais (Saint-Pierre-et-Miquelon)","fr","fr-PM","fr","fra","ZZZ","0"
"fr-RE","French (RÃ©union)","franÃ§ais (La RÃ©union)","fr","fr-RE","fr","fra","FRR","0"
"fr-RW","French (Rwanda)","franÃ§ais (Rwanda)","fr","fr-RW","fr","fra","ZZZ","0"
"fr-SC","French (Seychelles)","franÃ§ais (Seychelles)","fr","fr-SC","fr","fra","ZZZ","0"
"fr-SN","French (Senegal)","franÃ§ais (SÃ©nÃ©gal)","fr","fr-SN","fr","fra","FRN","0"
"fr-SY","French (Syria)","franÃ§ais (Syrie)","fr","fr-SY","fr","fra","ZZZ","0"
"fr-TD","French (Chad)","franÃ§ais (Tchad)","fr","fr-TD","fr","fra","ZZZ","0"
"fr-TG","French (Togo)","franÃ§ais (Togo)","fr","fr-TG","fr","fra","ZZZ","0"
"fr-TN","French (Tunisia)","franÃ§ais (Tunisie)","fr","fr-TN","fr","fra","ZZZ","0"
"fr-VU","French (Vanuatu)","franÃ§ais (Vanuatu)","fr","fr-VU","fr","fra","ZZZ","0"
"fr-WF","French (Wallis & Futuna)","franÃ§ais (Wallis-et-Futuna)","fr","fr-WF","fr","fra","ZZZ","0"
"fr-YT","French (Mayotte)","franÃ§ais (Mayotte)","fr","fr-YT","fr","fra","ZZZ","0"
"fur","Friulian","furlan","","fur","fur","fur","ZZZ","1"
"fur-IT","Friulian (Italy)","furlan (Italie)","fur","fur-IT","fur","fur","ZZZ","0"
"fy","Western Frisian","Frysk","","fy","fy","fry","FYN","1"
"fy-NL","Western Frisian (Netherlands)","Frysk (NederlÃ¢n)","fy","fy-NL","fy","fry","FYN","0"
"ga","Irish","Gaeilge","","ga","ga","gle","IRE","1"
"ga-GB","Irish (United Kingdom)","Gaeilge (an RÃ­ocht Aontaithe)","ga","ga-GB","ga","gle","ZZZ","0"
"ga-IE","Irish (Ireland)","Gaeilge (Ã‰ire)","ga","ga-IE","ga","gle","IRE","0"
"gd","Scottish Gaelic","GÃ idhlig","","gd","gd","gla","GLA","1"
"gd-GB","Scottish Gaelic (United Kingdom)","GÃ idhlig (An RÃ¬oghachd Aonaichte)","gd","gd-GB","gd","gla","GLA","0"
"gl","Galician","galego","","gl","gl","glg","GLC","1"
"gl-ES","Galician (Spain)","galego (EspaÃ±a)","gl","gl-ES","gl","glg","GLC","0"
"gn","Guarani","avaÃ±eâ€™áº½","","gn","gn","grn","GRN","1"
"gn-PY","Guarani (Paraguay)","Guarani (Paraguay)","gn","gn-PY","gn","grn","GRN","0"
"gsw","Swiss German","SchwiizertÃ¼Ã¼tsch","","gsw","gsw","gsw","ZZZ","1"
"gsw-CH","Swiss German (Switzerland)","SchwiizertÃ¼Ã¼tsch (Schwiiz)","gsw","gsw-CH","gsw","gsw","ZZZ","0"
"gsw-FR","Swiss German (France)","ElsÃ¤ssisch (FrÃ nkrisch)","gsw","gsw-FR","gsw","gsw","GSW","0"
"gsw-LI","Swiss German (Liechtenstein)","SchwiizertÃ¼Ã¼tsch (LiÃ¤chteschtÃ¤i)","gsw","gsw-LI","gsw","gsw","ZZZ","0"
"gu","Gujarati","àª—à«àªœàª°àª¾àª¤à«€","","gu","gu","guj","GUJ","1"
"gu-IN","Gujarati (India)","àª—à«àªœàª°àª¾àª¤à«€ (àª­àª¾àª°àª¤)","gu","gu-IN","gu","guj","GUJ","0"
"guz","Gusii","Ekegusii","","guz","guz","guz","ZZZ","1"
"guz-KE","Gusii (Kenya)","Ekegusii (Kenya)","guz","guz-KE","guz","guz","ZZZ","0"
"gv","Manx","Gaelg","","gv","gv","glv","ZZZ","1"
"gv-IM","Manx (Isle of Man)","Gaelg (Ellan Vannin)","gv","gv-IM","gv","glv","ZZZ","0"
"ha","Hausa","Hausa","","ha","ha","hau","HAU","1"
"ha-GH","Hausa (Ghana)","Hausa (Gana)","ha","ha-GH","ha","hau","ZZZ","0"
"ha-NE","Hausa (Niger)","Hausa (Nijar)","ha","ha-NE","ha","hau","ZZZ","0"
"ha-NG","Hausa (Nigeria)","Hausa (Najeriya)","ha","ha-NG","ha","hau","ZZZ","0"
"haw","Hawaiian","Ê»ÅŒlelo HawaiÊ»i","","haw","haw","haw","HAW","1"
"haw-US","Hawaiian (United States)","Ê»ÅŒlelo HawaiÊ»i (Ê»Amelika Hui PÅ« Ê»Ia)","haw","haw-US","haw","haw","HAW","0"
"he","Hebrew","×¢×‘×¨×™×ª","","he","he","heb","HEB","1"
"he-IL","Hebrew (Israel)","×¢×‘×¨×™×ª (×™×©×¨××œ)","he","he-IL","he","heb","HEB","0"
"hi","Hindi","à¤¹à¤¿à¤¨à¥à¤¦à¥€","","hi","hi","hin","HIN","1"
"hi-IN","Hindi (India)","à¤¹à¤¿à¤¨à¥à¤¦à¥€ (à¤­à¤¾à¤°à¤¤)","hi","hi-IN","hi","hin","HIN","0"
"hr","Croatian","hrvatski","","hr","hr","hrv","HRV","1"
"hr-BA","Croatian (Bosnia & Herzegovina)","hrvatski (Bosna i Hercegovina)","hr","hr-BA","hr","hrv","HRB","0"
"hr-HR","Croatian (Croatia)","hrvatski (Hrvatska)","hr","hr-HR","hr","hrv","HRV","0"
"hsb","Upper Sorbian","hornjoserbÅ¡Ä‡ina","","hsb","hsb","hsb","HSB","1"
"hsb-DE","Upper Sorbian (Germany)","hornjoserbÅ¡Ä‡ina (NÄ›mska)","hsb","hsb-DE","hsb","hsb","HSB","0"
"hu","Hungarian","magyar","","hu","hu","hun","HUN","1"
"hu-HU","Hungarian (Hungary)","magyar (MagyarorszÃ¡g)","hu","hu-HU","hu","hun","HUN","0"
"hy","Armenian","Õ°Õ¡ÕµÕ¥Ö€Õ¥Õ¶","","hy","hy","hye","HYE","1"
"hy-AM","Armenian (Armenia)","Õ°Õ¡ÕµÕ¥Ö€Õ¥Õ¶ (Õ€Õ¡ÕµÕ¡Õ½Õ¿Õ¡Õ¶)","hy","hy-AM","hy","hye","HYE","0"
"ia","Interlingua","interlingua","","ia","ia","ina","ZZZ","1"
"ia-001","Interlingua (World)","interlingua (Mundo)","ia","ia-001","ia","ina","ZZZ","0"
"ibb","Ibibio","Ibibio-Efik","","ibb","ibb","ibb","ZZZ","1"
"ibb-NG","Ibibio (Nigeria)","Ibibio-Efik (Nigeria)","ibb","ibb-NG","ibb","ibb","ZZZ","0"
"id","Indonesian","Indonesia","","id","id","ind","IND","1"
"id-ID","Indonesian (Indonesia)","Indonesia (Indonesia)","id","id-ID","id","ind","IND","0"
"ig","Igbo","Igbo","","ig","ig","ibo","IBO","1"
"ig-NG","Igbo (Nigeria)","Igbo (Naá»‹já»‹rá»‹a)","ig","ig-NG","ig","ibo","IBO","0"
"ii","Yi","ê†ˆêŒ ê‰™","","ii","ii","iii","III","1"
"ii-CN","Yi (China)","ê†ˆêŒ ê‰™ (êê‡©)","ii","ii-CN","ii","iii","III","0"
"is","Icelandic","Ã­slenska","","is","is","isl","ISL","1"
"is-IS","Icelandic (Iceland)","Ã­slenska (Ãsland)","is","is-IS","is","isl","ISL","0"
"it","Italian","italiano","","it","it","ita","ITA","1"
"it-CH","Italian (Switzerland)","italiano (Svizzera)","it","it-CH","it","ita","ITS","0"
"it-IT","Italian (Italy)","italiano (Italia)","it","it-IT","it","ita","ITA","0"
"it-SM","Italian (San Marino)","italiano (San Marino)","it","it-SM","it","ita","ZZZ","0"
"it-VA","Italian (Vatican City)","italiano (CittÃ  del Vaticano)","it","it-VA","it","ita","ZZZ","0"
"iu","Inuktitut","Inuktitut","","iu","iu","iku","IUK","1"
"iu-CA","Inuktitut (Canada)","Inuktitut (Canada)","iu","iu-CA","iu","iku","ZZZ","0"
"iu-Latn","Inuktitut (Latin)","Inuktitut (Latin)","iu","iu-Latn","iu","iku","IUK","1"
"iu-Latn-CA","Inuktitut (Latin, Canada)","Inuktitut (Latin, Canada)","iu-Latn","iu-Latn-CA","iu","iku","IUK","0"
"ja","Japanese","æ—¥æœ¬èª","","ja","ja","jpn","JPN","1"
"ja-JP","Japanese (Japan)","æ—¥æœ¬èª (æ—¥æœ¬)","ja","ja-JP","ja","jpn","JPN","0"
"jgo","Ngomba","NdaêŒa","","jgo","jgo","jgo","ZZZ","1"
"jgo-CM","Ngomba (Cameroon)","NdaêŒa (KamÉ›lÃ»n)","jgo","jgo-CM","jgo","jgo","ZZZ","0"
"jmc","Machame","Kimachame","","jmc","jmc","jmc","ZZZ","1"
"jmc-TZ","Machame (Tanzania)","Kimachame (Tanzania)","jmc","jmc-TZ","jmc","jmc","ZZZ","0"
"jv","Javanese","Jawa","","jv","jv","jav","JAV","1"
"jv-ID","Javanese (Indonesia)","Jawa (IndonÃ©sia)","jv","jv-ID","jv","jav","ZZZ","0"
"jv-Java","Javanese (Javanese)","Javanese (Javanese)","jv","jv-Java","jv","jav","ZZZ","1"
"jv-Java-ID","Javanese (Javanese, Indonesia)","Javanese (Javanese, Indonesia)","jv-Java","jv-Java-ID","jv","jav","ZZZ","0"
"ka","Georgian","áƒ¥áƒáƒ áƒ—áƒ£áƒšáƒ˜","","ka","ka","kat","KAT","1"
"ka-GE","Georgian (Georgia)","áƒ¥áƒáƒ áƒ—áƒ£áƒšáƒ˜ (áƒ¡áƒáƒ¥áƒáƒ áƒ—áƒ•áƒ”áƒšáƒ)","ka","ka-GE","ka","kat","KAT","0"
"kab","Kabyle","Taqbaylit","","kab","kab","kab","ZZZ","1"
"kab-DZ","Kabyle (Algeria)","Taqbaylit (Lezzayer)","kab","kab-DZ","kab","kab","ZZZ","0"
"kam","Kamba","Kikamba","","kam","kam","kam","ZZZ","1"
"kam-KE","Kamba (Kenya)","Kikamba (Kenya)","kam","kam-KE","kam","kam","ZZZ","0"
"kde","Makonde","Chimakonde","","kde","kde","kde","ZZZ","1"
"kde-TZ","Makonde (Tanzania)","Chimakonde (Tanzania)","kde","kde-TZ","kde","kde","ZZZ","0"
"kea","Kabuverdianu","kabuverdianu","","kea","kea","kea","ZZZ","1"
"kea-CV","Kabuverdianu (Cabo Verde)","kabuverdianu (Kabu Verdi)","kea","kea-CV","kea","kea","ZZZ","0"
"khq","Koyra Chiini","Koyra ciini","","khq","khq","khq","ZZZ","1"
"khq-ML","Koyra Chiini (Mali)","Koyra ciini (Maali)","khq","khq-ML","khq","khq","ZZZ","0"
"ki","Kikuyu","Gikuyu","","ki","ki","kik","ZZZ","1"
"ki-KE","Kikuyu (Kenya)","Gikuyu (Kenya)","ki","ki-KE","ki","kik","ZZZ","0"
"kk","Kazakh","Ò›Ğ°Ğ·Ğ°Ò› Ñ‚Ñ–Ğ»Ñ–","","kk","kk","kaz","KKZ","1"
"kk-KZ","Kazakh (Kazakhstan)","Ò›Ğ°Ğ·Ğ°Ò› Ñ‚Ñ–Ğ»Ñ– (ÒšĞ°Ğ·Ğ°Ò›ÑÑ‚Ğ°Ğ½)","kk","kk-KZ","kk","kaz","KKZ","0"
"kkj","Kako","kakÉ”","","kkj","kkj","kkj","ZZZ","1"
"kkj-CM","Kako (Cameroon)","kakÉ” (KamÉ›run)","kkj","kkj-CM","kkj","kkj","ZZZ","0"
"kl","Kalaallisut","kalaallisut","","kl","kl","kal","KAL","1"
"kl-GL","Kalaallisut (Greenland)","kalaallisut (Kalaallit Nunaat)","kl","kl-GL","kl","kal","KAL","0"
"kln","Kalenjin","Kalenjin","","kln","kln","kln","ZZZ","1"
"kln-KE","Kalenjin (Kenya)","Kalenjin (Emetab Kenya)","kln","kln-KE","kln","kln","ZZZ","0"
"km","Khmer","ááŸ’á˜áŸ‚áš","","km","km","khm","KHM","1"
"km-KH","Khmer (Cambodia)","ááŸ’á˜áŸ‚áš (á€á˜áŸ’á–á»á‡á¶)","km","km-KH","km","khm","KHM","0"
"kn","Kannada","à²•à²¨à³à²¨à²¡","","kn","kn","kan","KDI","1"
"kn-IN","Kannada (India)","à²•à²¨à³à²¨à²¡ (à²­à²¾à²°à²¤)","kn","kn-IN","kn","kan","KDI","0"
"ko","Korean","í•œêµ­ì–´","","ko","ko","kor","KOR","1"
"ko-KP","Korean (North Korea)","í•œêµ­ì–´(ì¡°ì„ ë¯¼ì£¼ì£¼ì˜ì¸ë¯¼ê³µí™”êµ­)","ko","ko-KP","ko","kor","ZZZ","0"
"ko-KR","Korean (Korea)","í•œêµ­ì–´(ëŒ€í•œë¯¼êµ­)","ko","ko-KR","ko","kor","KOR","0"
"kok","Konkani","à¤•à¥‹à¤‚à¤•à¤£à¥€","","kok","kok","kok","KNK","1"
"kok-IN","Konkani (India)","à¤•à¥‹à¤‚à¤•à¤£à¥€ (à¤­à¤¾à¤°à¤¤)","kok","kok-IN","kok","kok","KNK","0"
"kr","Kanuri","Kanuri","","kr","kr","kau","ZZZ","1"
"kr-Latn","Kanuri (Latin)","Kanuri (Latin)","kr","kr-Latn","kr","kau","ZZZ","1"
"kr-Latn-NG","Kanuri (Latin, Nigeria)","Kanuri (Latin, Nigeria)","kr-Latn","kr-Latn-NG","kr","kau","ZZZ","0"
"ks","Kashmiri","Ú©Ù²Ø´ÙØ±","","ks","ks","kas","ZZZ","1"
"ks-Arab","Kashmiri (Arabic)","Ú©Ù²Ø´ÙØ± (Ø§ÙØ±Ø¨ÛŒ)","ks","ks-Arab","ks","kas","ZZZ","1"
"ks-Arab-IN","Kashmiri (Arabic, India)","Ú©Ù²Ø´ÙØ± (Ø§ÙØ±Ø¨ÛŒ, ÛÙÙ†Ø¯ÙˆØ³ØªØ§Ù†)","ks-Arab","ks-Arab-IN","ks","kas","ZZZ","0"
"ks-Deva","Kashmiri (Devanagari)","Kashmiri (Devanagari)","ks","ks-Deva","ks","kas","ZZZ","1"
"ks-Deva-IN","Kashmiri (Devanagari, India)","Kashmiri (Devanagari, India)","ks-Deva","ks-Deva-IN","ks","kas","ZZZ","0"
"ksb","Shambala","Kishambaa","","ksb","ksb","ksb","ZZZ","1"
"ksb-TZ","Shambala (Tanzania)","Kishambaa (Tanzania)","ksb","ksb-TZ","ksb","ksb","ZZZ","0"
"ksf","Bafia","rikpa","","ksf","ksf","ksf","ZZZ","1"
"ksf-CM","Bafia (Cameroon)","rikpa (kamÉ›rÃºn)","ksf","ksf-CM","ksf","ksf","ZZZ","0"
"ksh","Colognian","KÃ¶lsch","","ksh","ksh","ksh","ZZZ","1"
"ksh-DE","Colognian (Germany)","KÃ¶lsch en DoÃ¼tschland","ksh","ksh-DE","ksh","ksh","ZZZ","0"
"kw","Cornish","kernewek","","kw","kw","cor","ZZZ","1"
"kw-GB","Cornish (United Kingdom)","kernewek (Rywvaneth Unys)","kw","kw-GB","kw","cor","ZZZ","0"
"ky","Kyrgyz","ĞºÑ‹Ñ€Ğ³Ñ‹Ğ·Ñ‡Ğ°","","ky","ky","kir","KYR","1"
"ky-KG","Kyrgyz (Kyrgyzstan)","ĞºÑ‹Ñ€Ğ³Ñ‹Ğ·Ñ‡Ğ° (ĞšÑ‹Ñ€Ğ³Ñ‹Ğ·ÑÑ‚Ğ°Ğ½)","ky","ky-KG","ky","kir","KYR","0"
"la","Latin","Latin","","la","la","lat","ZZZ","1"
"la-VA","Latin (Vatican City)","Latin (Vatican City)","la","la-VA","la","lat","ZZZ","0"
"lag","Langi","KÉ¨laangi","","lag","lag","lag","ZZZ","1"
"lag-TZ","Langi (Tanzania)","KÉ¨laangi (TaansanÃ­a)","lag","lag-TZ","lag","lag","ZZZ","0"
"lb","Luxembourgish","LÃ«tzebuergesch","","lb","lb","ltz","LBX","1"
"lb-LU","Luxembourgish (Luxembourg)","LÃ«tzebuergesch (LÃ«tzebuerg)","lb","lb-LU","lb","ltz","LBX","0"
"lg","Ganda","Luganda","","lg","lg","lug","ZZZ","1"
"lg-UG","Ganda (Uganda)","Luganda (Yuganda)","lg","lg-UG","lg","lug","ZZZ","0"
"lkt","Lakota","LakÈŸÃ³lÊ¼iyapi","","lkt","lkt","lkt","ZZZ","1"
"lkt-US","Lakota (United States)","LakÈŸÃ³lÊ¼iyapi (MÃ­lahaÅ‹ska TÈŸamÃ¡kÈŸoÄhe)","lkt","lkt-US","lkt","lkt","ZZZ","0"
"ln","Lingala","lingÃ¡la","","ln","ln","lin","ZZZ","1"
"ln-AO","Lingala (Angola)","lingÃ¡la (AngÃ³la)","ln","ln-AO","ln","lin","ZZZ","0"
"ln-CD","Lingala (Congo [DRC])","lingÃ¡la (RepublÃ­ki ya KongÃ³ DemokratÃ­ki)","ln","ln-CD","ln","lin","ZZZ","0"
"ln-CF","Lingala (Central African Republic)","lingÃ¡la (Repibiki ya AfrÃ­ka ya KÃ¡ti)","ln","ln-CF","ln","lin","ZZZ","0"
"ln-CG","Lingala (Congo)","lingÃ¡la (Kongo)","ln","ln-CG","ln","lin","ZZZ","0"
"lo","Lao","àº¥àº²àº§","","lo","lo","lao","LAO","1"
"lo-LA","Lao (Laos)","àº¥àº²àº§ (àº¥àº²àº§)","lo","lo-LA","lo","lao","LAO","0"
"lrc","Northern Luri","Ù„ÛŠØ±ÛŒ Ø´ÙˆÙ…Ø§Ù„ÛŒ","","lrc","lrc","lrc","ZZZ","1"
"lrc-IQ","Northern Luri (Iraq)","Northern Luri (Iraq)","lrc","lrc-IQ","lrc","lrc","ZZZ","0"
"lrc-IR","Northern Luri (Iran)","Northern Luri (Iran)","lrc","lrc-IR","lrc","lrc","ZZZ","0"
"lt","Lithuanian","lietuviÅ³","","lt","lt","lit","LTH","1"
"lt-LT","Lithuanian (Lithuania)","lietuviÅ³ (Lietuva)","lt","lt-LT","lt","lit","LTH","0"
"lu","Luba-Katanga","Tshiluba","","lu","lu","lub","ZZZ","1"
"lu-CD","Luba-Katanga (Congo [DRC])","Tshiluba (Ditunga wa Kongu)","lu","lu-CD","lu","lub","ZZZ","0"
"luo","Luo","Dholuo","","luo","luo","luo","ZZZ","1"
"luo-KE","Luo (Kenya)","Dholuo (Kenya)","luo","luo-KE","luo","luo","ZZZ","0"
"luy","Luyia","Luluhia","","luy","luy","luy","ZZZ","1"
"luy-KE","Luyia (Kenya)","Luluhia (Kenya)","luy","luy-KE","luy","luy","ZZZ","0"
"lv","Latvian","latvieÅ¡u","","lv","lv","lav","LVI","1"
"lv-LV","Latvian (Latvia)","latvieÅ¡u (Latvija)","lv","lv-LV","lv","lav","LVI","0"
"mai","Maithili","à¤®à¥ˆà¤¥à¤¿à¤²à¥€","","mai","mai","mai","ZZZ","1"
"mai-IN","Maithili (India)","à¤®à¥ˆà¤¥à¤¿à¤²à¥€ (à¤­à¤¾à¤°à¤¤)","mai","mai-IN","mai","mai","ZZZ","0"
"mas","Masai","Maa","","mas","mas","mas","ZZZ","1"
"mas-KE","Masai (Kenya)","Maa (Kenya)","mas","mas-KE","mas","mas","ZZZ","0"
"mas-TZ","Masai (Tanzania)","Maa (Tansania)","mas","mas-TZ","mas","mas","ZZZ","0"
"mer","Meru","KÄ©mÄ©rÅ©","","mer","mer","mer","ZZZ","1"
"mer-KE","Meru (Kenya)","KÄ©mÄ©rÅ© (Kenya)","mer","mer-KE","mer","mer","ZZZ","0"
"mfe","Morisyen","kreol morisien","","mfe","mfe","mfe","ZZZ","1"
"mfe-MU","Morisyen (Mauritius)","kreol morisien (Moris)","mfe","mfe-MU","mfe","mfe","ZZZ","0"
"mg","Malagasy","Malagasy","","mg","mg","mlg","MLG","1"
"mg-MG","Malagasy (Madagascar)","Malagasy (Madagasikara)","mg","mg-MG","mg","mlg","MLG","0"
"mgh","Makhuwa-Meetto","Makua","","mgh","mgh","mgh","ZZZ","1"
"mgh-MZ","Makhuwa-Meetto (Mozambique)","Makua (Umozambiki)","mgh","mgh-MZ","mgh","mgh","ZZZ","0"
"mgo","MetaÊ¼","metaÊ¼","","mgo","mgo","mgo","ZZZ","1"
"mgo-CM","MetaÊ¼ (Cameroon)","metaÊ¼ (Kamalun)","mgo","mgo-CM","mgo","mgo","ZZZ","0"
"mi","Maori","te reo MÄori","","mi","mi","mri","MRI","1"
"mi-NZ","Maori (New Zealand)","te reo MÄori (Aotearoa)","mi","mi-NZ","mi","mri","MRI","0"
"mk","Macedonian","Ğ¼Ğ°ĞºĞµĞ´Ğ¾Ğ½ÑĞºĞ¸","","mk","mk","mkd","MKI","1"
"mk-MK","Macedonian (North Macedonia)","Ğ¼Ğ°ĞºĞµĞ´Ğ¾Ğ½ÑĞºĞ¸ (Ğ¡ĞµĞ²ĞµÑ€Ğ½Ğ° ĞœĞ°ĞºĞµĞ´Ğ¾Ğ½Ğ¸Ñ˜Ğ°)","mk","mk-MK","mk","mkd","MKI","0"
"ml","Malayalam","à´®à´²à´¯à´¾à´³à´‚","","ml","ml","mal","MYM","1"
"ml-IN","Malayalam (India)","à´®à´²à´¯à´¾à´³à´‚ (à´‡à´¨àµà´¤àµà´¯)","ml","ml-IN","ml","mal","MYM","0"
"mn","Mongolian","Ğ¼Ğ¾Ğ½Ğ³Ğ¾Ğ»","","mn","mn","mon","MON","1"
"mn-MN","Mongolian (Mongolia)","Ğ¼Ğ¾Ğ½Ğ³Ğ¾Ğ» (ĞœĞ¾Ğ½Ğ³Ğ¾Ğ»)","mn","mn-MN","mn","mon","MNN","0"
"mn-Mong","Mongolian (Mongolian)","Mongolian (Mongolian)","mn","mn-Mong","mn","mon","MNG","1"
"mn-Mong-CN","Mongolian (Mongolian, China)","Mongolian (Mongolian, China)","mn-Mong","mn-Mong-CN","mn","mon","MNG","0"
"mn-Mong-MN","Mongolian (Mongolian, Mongolia)","á ®á £á ©á ­á £á ¯ (á ®á £á ©á ­á £á ¯ á ªá ¢á ´á ¢á ­á Œ, á ®á £á ©á ­á £á ¯)","mn-Mong","mn-Mong-MN","mn","mon","MNM","0"
"mni","Manipuri","à¦®à§ˆà¦¤à§ˆà¦²à§‹à¦¨à§","","mni","mni","mni","ZZZ","1"
"mni-Beng","Manipuri (Bangla)","à¦®à§ˆà¦¤à§ˆà¦²à§‹à¦¨à§ (à¦¬à¦¾à¦‚à¦²à¦¾)","mni","mni-Beng","mni","mni","ZZZ","1"
"mni-Beng-IN","Manipuri (Bangla, India)","à¦®à§ˆà¦¤à§ˆà¦²à§‹à¦¨à§ (à¦¬à¦¾à¦‚à¦²à¦¾, à¦‡à¦¨à§à¦¦à¦¿à¦¯à¦¼à¦¾)","mni-Beng","mni-Beng-IN","mni","mni","ZZZ","0"
"moh","Mohawk","KanienÊ¼kÃ©ha","","moh","moh","moh","MWK","1"
"moh-CA","Mohawk (Canada)","Mohawk (Canada)","moh","moh-CA","moh","moh","MWK","0"
"mr","Marathi","à¤®à¤°à¤¾à¤ à¥€","","mr","mr","mar","MAR","1"
"mr-IN","Marathi (India)","à¤®à¤°à¤¾à¤ à¥€ (à¤­à¤¾à¤°à¤¤)","mr","mr-IN","mr","mar","MAR","0"
"ms","Malay","Melayu","","ms","ms","msa","MSL","1"
"ms-BN","Malay (Brunei)","Melayu (Brunei)","ms","ms-BN","ms","msa","MSB","0"
"ms-ID","Malay (Indonesia)","Melayu (Indonesia)","ms","ms-ID","ms","msa","ZZZ","0"
"ms-MY","Malay (Malaysia)","Melayu (Malaysia)","ms","ms-MY","ms","msa","MSL","0"
"ms-SG","Malay (Singapore)","Melayu (Singapura)","ms","ms-SG","ms","msa","ZZZ","0"
"mt","Maltese","Malti","","mt","mt","mlt","MLT","1"
"mt-MT","Maltese (Malta)","Malti (Malta)","mt","mt-MT","mt","mlt","MLT","0"
"mua","Mundang","MUNDAÅŠ","","mua","mua","mua","ZZZ","1"
"mua-CM","Mundang (Cameroon)","MUNDAÅŠ (kameruÅ‹)","mua","mua-CM","mua","mua","ZZZ","0"
"my","Burmese","á€™á€¼á€”á€ºá€™á€¬","","my","my","mya","MYA","1"
"my-MM","Burmese (Myanmar)","á€™á€¼á€”á€ºá€™á€¬ (á€™á€¼á€”á€ºá€™á€¬)","my","my-MM","my","mya","MYA","0"
"mzn","Mazanderani","Ù…Ø§Ø²Ø±ÙˆÙ†ÛŒ","","mzn","mzn","mzn","ZZZ","1"
"mzn-IR","Mazanderani (Iran)","Ù…Ø§Ø²Ø±ÙˆÙ†ÛŒ (Ø§ÛŒØ±Ø§Ù†)","mzn","mzn-IR","mzn","mzn","ZZZ","0"
"naq","Nama","Khoekhoegowab","","naq","naq","naq","ZZZ","1"
"naq-NA","Nama (Namibia)","Khoekhoegowab (Namibiab)","naq","naq-NA","naq","naq","ZZZ","0"
"nb","Norwegian BokmÃ¥l","norsk bokmÃ¥l","","nb","nb","nob","NOR","1"
"nb-NO","Norwegian BokmÃ¥l (Norway)","norsk bokmÃ¥l (Norge)","nb","nb-NO","nb","nob","NOR","0"
"nb-SJ","Norwegian BokmÃ¥l (Svalbard & Jan Mayen)","norsk bokmÃ¥l (Svalbard og Jan Mayen)","nb","nb-SJ","nb","nob","ZZZ","0"
"nd","North Ndebele","isiNdebele","","nd","nd","nde","ZZZ","1"
"nd-ZW","North Ndebele (Zimbabwe)","isiNdebele (Zimbabwe)","nd","nd-ZW","nd","nde","ZZZ","0"
"nds","Low German","Low German","","nds","nds","nds","ZZZ","1"
"nds-DE","Low German (Germany)","Low German (Germany)","nds","nds-DE","nds","nds","ZZZ","0"
"nds-NL","Low German (Netherlands)","Low German (Netherlands)","nds","nds-NL","nds","nds","ZZZ","0"
"ne","Nepali","à¤¨à¥‡à¤ªà¤¾à¤²à¥€","","ne","ne","nep","NEP","1"
"ne-IN","Nepali (India)","à¤¨à¥‡à¤ªà¤¾à¤²à¥€ (à¤­à¤¾à¤°à¤¤)","ne","ne-IN","ne","nep","NEI","0"
"ne-NP","Nepali (Nepal)","à¤¨à¥‡à¤ªà¤¾à¤²à¥€ (à¤¨à¥‡à¤ªà¤¾à¤²)","ne","ne-NP","ne","nep","NEP","0"
"nl","Dutch","Nederlands","","nl","nl","nld","NLD","1"
"nl-AW","Dutch (Aruba)","Nederlands (Aruba)","nl","nl-AW","nl","nld","ZZZ","0"
"nl-BE","Dutch (Belgium)","Nederlands (BelgiÃ«)","nl","nl-BE","nl","nld","NLB","0"
"nl-BQ","Dutch (Bonaire, Sint Eustatius and Saba)","Nederlands (Bonaire, Sint Eustatius en Saba)","nl","nl-BQ","nl","nld","ZZZ","0"
"nl-CW","Dutch (CuraÃ§ao)","Nederlands (CuraÃ§ao)","nl","nl-CW","nl","nld","ZZZ","0"
"nl-NL","Dutch (Netherlands)","Nederlands (Nederland)","nl","nl-NL","nl","nld","NLD","0"
"nl-SR","Dutch (Suriname)","Nederlands (Suriname)","nl","nl-SR","nl","nld","ZZZ","0"
"nl-SX","Dutch (Sint Maarten)","Nederlands (Sint-Maarten)","nl","nl-SX","nl","nld","ZZZ","0"
"nmg","Kwasio","Kwasio","","nmg","nmg","nmg","ZZZ","1"
"nmg-CM","Kwasio (Cameroon)","Kwasio (Cameroon)","nmg","nmg-CM","nmg","nmg","ZZZ","0"
"nn","Norwegian Nynorsk","norsk nynorsk","","nn","nn","nno","NON","1"
"nn-NO","Norwegian Nynorsk (Norway)","norsk nynorsk (Noreg)","nn","nn-NO","nn","nno","NON","0"
"nnh","Ngiemboon","ShwÃ³Å‹Ã² ngiembÉ”É”n","","nnh","nnh","nnh","ZZZ","1"
"nnh-CM","Ngiemboon (Cameroon)","ShwÃ³Å‹Ã² ngiembÉ”É”n (KÃ malÃ»m)","nnh","nnh-CM","nnh","nnh","ZZZ","0"
"nqo","Nâ€™Ko","ß’ßß","","nqo","nqo","nqo","NQO","1"
"nqo-GN","Nâ€™Ko (Guinea)","Nâ€™Ko (Guinea)","nqo","nqo-GN","nqo","nqo","NQO","0"
"nr","South Ndebele","South Ndebele","","nr","nr","nbl","ZZZ","1"
"nr-ZA","South Ndebele (South Africa)","South Ndebele (South Africa)","nr","nr-ZA","nr","nbl","ZZZ","0"
"nso","Sesotho sa Leboa","Sesotho sa Leboa","","nso","nso","nso","NSO","1"
"nso-ZA","Sesotho sa Leboa (South Africa)","Sesotho sa Leboa (South Africa)","nso","nso-ZA","nso","nso","NSO","0"
"nus","Nuer","Thok Nath","","nus","nus","nus","ZZZ","1"
"nus-SS","Nuer (South Sudan)","Nuer (South Sudan)","nus","nus-SS","nus","nus","ZZZ","0"
"nyn","Nyankole","Runyankore","","nyn","nyn","nyn","ZZZ","1"
"nyn-UG","Nyankole (Uganda)","Runyankore (Uganda)","nyn","nyn-UG","nyn","nyn","ZZZ","0"
"oc","Occitan","Occitan","","oc","oc","oci","OCI","1"
"oc-FR","Occitan (France)","Occitan (France)","oc","oc-FR","oc","oci","OCI","0"
"om","Oromo","Oromoo","","om","om","orm","ORM","1"
"om-ET","Oromo (Ethiopia)","Oromoo (Itoophiyaa)","om","om-ET","om","orm","ORM","0"
"om-KE","Oromo (Kenya)","Oromoo (Keeniyaa)","om","om-KE","om","orm","ZZZ","0"
"or","Odia","à¬“à¬¡à¬¼à¬¿à¬†","","or","or","ori","ORI","1"
"or-IN","Odia (India)","à¬“à¬¡à¬¼à¬¿à¬† (à¬­à¬¾à¬°à¬¤)","or","or-IN","or","ori","ORI","0"
"os","Ossetic","Ğ¸Ñ€Ğ¾Ğ½","","os","os","oss","ZZZ","1"
"os-GE","Ossetic (Georgia)","Ğ¸Ñ€Ğ¾Ğ½ (Ğ“ÑƒÑ‹Ñ€Ğ´Ğ·Ñ‹ÑÑ‚Ğ¾Ğ½)","os","os-GE","os","oss","ZZZ","0"
"os-RU","Ossetic (Russia)","Ğ¸Ñ€Ğ¾Ğ½ (Ğ£Ó•Ñ€Ó•ÑĞµ)","os","os-RU","os","oss","ZZZ","0"
"pa","Punjabi","à¨ªà©°à¨œà¨¾à¨¬à©€","","pa","pa","pan","PAN","1"
"pa-Arab","Punjabi (Arabic)","Ù¾Ù†Ø¬Ø§Ø¨ÛŒ (Ø¹Ø±Ø¨ÛŒ)","pa","pa-Arab","pa","pan","PAP","1"
"pa-Arab-PK","Punjabi (Arabic, Pakistan)","Ù¾Ù†Ø¬Ø§Ø¨ÛŒ (Ø¹Ø±Ø¨ÛŒ, Ù¾Ø§Ú©Ø³ØªØ§Ù†)","pa-Arab","pa-Arab-PK","pa","pan","PAP","0"
"pa-Guru","Punjabi (Gurmukhi)","à¨ªà©°à¨œà¨¾à¨¬à©€ (à¨—à©à¨°à¨®à©à¨–à©€)","pa","pa-Guru","pa","pan","ZZZ","1"
"pa-Guru-IN","Punjabi (Gurmukhi, India)","à¨ªà©°à¨œà¨¾à¨¬à©€ (à¨—à©à¨°à¨®à©à¨–à©€, à¨­à¨¾à¨°à¨¤)","pa-Guru","pa-Guru-IN","pa","pan","ZZZ","0"
"pap","Papiamento","Papiamentu","","pap","pap","pap","ZZZ","1"
"pap-029","Papiamento (Caribbean)","Papiamentu (Caribbean)","pap","pap-029","pap","pap","ZZZ","0"
"pcm","Nigerian Pidgin","NaijÃ­riÃ¡ PÃ­jin","","pcm","pcm","pcm","ZZZ","1"
"pcm-NG","Nigerian Pidgin (Nigeria)","NaijÃ­riÃ¡ PÃ­jin (NaijÃ­ria)","pcm","pcm-NG","pcm","pcm","ZZZ","0"
"pl","Polish","polski","","pl","pl","pol","PLK","1"
"pl-PL","Polish (Poland)","polski (Polska)","pl","pl-PL","pl","pol","PLK","0"
"prg","Prussian","prÅ«siskan","","prg","prg","prg","ZZZ","1"
"prg-001","Prussian (World)","Prussian (World)","prg","prg-001","prg","prg","ZZZ","0"
"ps","Pashto","Ù¾ÚšØªÙˆ","","ps","ps","pus","PAS","1"
"ps-AF","Pashto (Afghanistan)","Ù¾ÚšØªÙˆ (Ø§ÙØºØ§Ù†Ø³ØªØ§Ù†)","ps","ps-AF","ps","pus","PAS","0"
"ps-PK","Pashto (Pakistan)","Ù¾ÚšØªÙˆ (Ù¾Ø§Ú©Ø³ØªØ§Ù†)","ps","ps-PK","ps","pus","ZZZ","0"
"pt","Portuguese","portuguÃªs","","pt","pt","por","PTB","1"
"pt-AO","Portuguese (Angola)","portuguÃªs (Angola)","pt","pt-AO","pt","por","PTA","0"
"pt-BR","Portuguese (Brazil)","portuguÃªs (Brasil)","pt","pt-BR","pt","por","PTB","0"
"pt-CH","Portuguese (Switzerland)","portuguÃªs (SuÃ­Ã§a)","pt","pt-CH","pt","por","ZZZ","0"
"pt-CV","Portuguese (Cabo Verde)","portuguÃªs (Cabo Verde)","pt","pt-CV","pt","por","ZZZ","0"
"pt-GQ","Portuguese (Equatorial Guinea)","portuguÃªs (GuinÃ© Equatorial)","pt","pt-GQ","pt","por","ZZZ","0"
"pt-GW","Portuguese (Guinea-Bissau)","portuguÃªs (GuinÃ©-Bissau)","pt","pt-GW","pt","por","ZZZ","0"
"pt-LU","Portuguese (Luxembourg)","portuguÃªs (Luxemburgo)","pt","pt-LU","pt","por","ZZZ","0"
"pt-MO","Portuguese (Macao SAR)","portuguÃªs (Macau, RAE da China)","pt","pt-MO","pt","por","ZZZ","0"
"pt-MZ","Portuguese (Mozambique)","portuguÃªs (MoÃ§ambique)","pt","pt-MZ","pt","por","ZZZ","0"
"pt-PT","Portuguese (Portugal)","portuguÃªs (Portugal)","pt","pt-PT","pt","por","PTG","0"
"pt-ST","Portuguese (SÃ£o TomÃ© & PrÃ­ncipe)","portuguÃªs (SÃ£o TomÃ© e PrÃ­ncipe)","pt","pt-ST","pt","por","ZZZ","0"
"pt-TL","Portuguese (Timor-Leste)","portuguÃªs (Timor-Leste)","pt","pt-TL","pt","por","ZZZ","0"
"qu","Quechua","Runasimi","","qu","qu","que","ZZZ","1"
"qu-BO","Quechua (Bolivia)","Runasimi (Bolivia)","qu","qu-BO","qu","que","ZZZ","0"
"qu-EC","Quechua (Ecuador)","Runasimi (Ecuador)","qu","qu-EC","qu","que","ZZZ","0"
"qu-PE","Quechua (Peru)","Runasimi (PerÃº)","qu","qu-PE","qu","que","ZZZ","0"
"quc","KÊ¼icheÊ¼","KÊ¼icheÊ¼","","quc","quc","quc","QUC","1"
"quc-GT","KÊ¼icheÊ¼ (Guatemala)","KÊ¼icheÊ¼ (Guatemala)","quc","quc-GT","quc","quc","ZZZ","0"
"rm","Romansh","rumantsch","","rm","rm","roh","RMC","1"
"rm-CH","Romansh (Switzerland)","rumantsch (Svizra)","rm","rm-CH","rm","roh","RMC","0"
"rn","Rundi","Ikirundi","","rn","rn","run","ZZZ","1"
"rn-BI","Rundi (Burundi)","Ikirundi (Uburundi)","rn","rn-BI","rn","run","ZZZ","0"
"ro","Romanian","romÃ¢nÄƒ","","ro","ro","ron","ROM","1"
"ro-MD","Romanian (Moldova)","romÃ¢nÄƒ (Republica Moldova)","ro","ro-MD","ro","ron","ROD","0"
"ro-RO","Romanian (Romania)","romÃ¢nÄƒ (RomÃ¢nia)","ro","ro-RO","ro","ron","ROM","0"
"rof","Rombo","Kihorombo","","rof","rof","rof","ZZZ","1"
"rof-TZ","Rombo (Tanzania)","Kihorombo (Tanzania)","rof","rof-TZ","rof","rof","ZZZ","0"
"ru","Russian","Ñ€ÑƒÑÑĞºĞ¸Ğ¹","","ru","ru","rus","RUS","1"
"ru-BY","Russian (Belarus)","Ñ€ÑƒÑÑĞºĞ¸Ğ¹ (Ğ‘ĞµĞ»Ğ°Ñ€ÑƒÑÑŒ)","ru","ru-BY","ru","rus","ZZZ","0"
"ru-KG","Russian (Kyrgyzstan)","Ñ€ÑƒÑÑĞºĞ¸Ğ¹ (ĞšĞ¸Ñ€Ğ³Ğ¸Ğ·Ğ¸Ñ)","ru","ru-KG","ru","rus","ZZZ","0"
"ru-KZ","Russian (Kazakhstan)","Ñ€ÑƒÑÑĞºĞ¸Ğ¹ (ĞšĞ°Ğ·Ğ°Ñ…ÑÑ‚Ğ°Ğ½)","ru","ru-KZ","ru","rus","ZZZ","0"
"ru-MD","Russian (Moldova)","Ñ€ÑƒÑÑĞºĞ¸Ğ¹ (ĞœĞ¾Ğ»Ğ´Ğ¾Ğ²Ğ°)","ru","ru-MD","ru","rus","RUM","0"
"ru-RU","Russian (Russia)","Ñ€ÑƒÑÑĞºĞ¸Ğ¹ (Ğ Ğ¾ÑÑĞ¸Ñ)","ru","ru-RU","ru","rus","RUS","0"
"ru-UA","Russian (Ukraine)","Ñ€ÑƒÑÑĞºĞ¸Ğ¹ (Ğ£ĞºÑ€Ğ°Ğ¸Ğ½Ğ°)","ru","ru-UA","ru","rus","ZZZ","0"
"rw","Kinyarwanda","Kinyarwanda","","rw","rw","kin","KIN","1"
"rw-RW","Kinyarwanda (Rwanda)","Kinyarwanda (U Rwanda)","rw","rw-RW","rw","kin","KIN","0"
"rwk","Rwa","Kiruwa","","rwk","rwk","rwk","ZZZ","1"
"rwk-TZ","Rwa (Tanzania)","Kiruwa (Tanzania)","rwk","rwk-TZ","rwk","rwk","ZZZ","0"
"sa","Sanskrit","à¤¸à¤‚à¤¸à¥à¤•à¥ƒà¤¤ à¤­à¤¾à¤·à¤¾","","sa","sa","san","SAN","1"
"sa-IN","Sanskrit (India)","à¤¸à¤‚à¤¸à¥à¤•à¥ƒà¤¤ à¤­à¤¾à¤·à¤¾ (à¤­à¤¾à¤°à¤¤à¤ƒ)","sa","sa-IN","sa","san","SAN","0"
"sah","Sakha","ÑĞ°Ñ…Ğ° Ñ‚Ñ‹Ğ»Ğ°","","sah","sah","sah","SAH","1"
"sah-RU","Sakha (Russia)","ÑĞ°Ñ…Ğ° Ñ‚Ñ‹Ğ»Ğ° (ĞÑ€Ğ°ÑÑÑ‹Ñ‹Ğ¹Ğ°)","sah","sah-RU","sah","sah","SAH","0"
"saq","Samburu","Kisampur","","saq","saq","saq","ZZZ","1"
"saq-KE","Samburu (Kenya)","Kisampur (Kenya)","saq","saq-KE","saq","saq","ZZZ","0"
"sat","Santali","á±¥á±Ÿá±±á±›á±Ÿá±²á±¤","","sat","sat","sat","ZZZ","1"
"sat-Olck","Santali (Ol Chiki)","á±¥á±Ÿá±±á±›á±Ÿá±²á±¤ (á±šá± á±ªá±¤á± á±¤)","sat","sat-Olck","sat","sat","ZZZ","1"
"sat-Olck-IN","Santali (Ol Chiki, India)","á±¥á±Ÿá±±á±›á±Ÿá±²á±¤ (á±šá± á±ªá±¤á± á±¤, á±¤á±±á±°á±¤á±­á±Ÿ)","sat-Olck","sat-Olck-IN","sat","sat","ZZZ","0"
"sbp","Sangu","Ishisangu","","sbp","sbp","sbp","ZZZ","1"
"sbp-TZ","Sangu (Tanzania)","Ishisangu (Tansaniya)","sbp","sbp-TZ","sbp","sbp","ZZZ","0"
"sd","Sindhi","Ø³Ù†ÚŒÙŠ","","sd","sd","snd","SIP","1"
"sd-Arab","Sindhi (Arabic)","Ø³Ù†ÚŒÙŠ (Ø¹Ø±Ø¨ÙŠ)","sd","sd-Arab","sd","snd","SIP","1"
"sd-Arab-PK","Sindhi (Arabic, Pakistan)","Ø³Ù†ÚŒÙŠ (Ø¹Ø±Ø¨ÙŠ, Ù¾Ø§ÚªØ³ØªØ§Ù†)","sd-Arab","sd-Arab-PK","sd","snd","SIP","0"
"sd-Deva","Sindhi (Devanagari)","à¤¸à¤¿à¤¨à¥à¤§à¥€ (à¤¦à¥‡à¤µà¤¨à¤¾à¤—à¤¿à¤°à¥€)","sd","sd-Deva","sd","snd","ZZZ","1"
"sd-Deva-IN","Sindhi (Devanagari, India)","à¤¸à¤¿à¤¨à¥à¤§à¥€ (à¤¦à¥‡à¤µà¤¨à¤¾à¤—à¤¿à¤°à¥€, à¤­à¤¾à¤°à¤¤)","sd-Deva","sd-Deva-IN","sd","snd","ZZZ","0"
"se","Northern Sami","davvisÃ¡megiella","","se","se","sme","SME","1"
"se-FI","Northern Sami (Finland)","davvisÃ¡megiella (Suopma)","se","se-FI","se","sme","SMG","0"
"se-NO","Northern Sami (Norway)","davvisÃ¡megiella (Norga)","se","se-NO","se","sme","SME","0"
"se-SE","Northern Sami (Sweden)","davvisÃ¡megiella (RuoÅ§Å§a)","se","se-SE","se","sme","SMF","0"
"seh","Sena","sena","","seh","seh","seh","ZZZ","1"
"seh-MZ","Sena (Mozambique)","sena (MoÃ§ambique)","seh","seh-MZ","seh","seh","ZZZ","0"
"ses","Koyraboro Senni","Koyraboro senni","","ses","ses","ses","ZZZ","1"
"ses-ML","Koyraboro Senni (Mali)","Koyraboro senni (Maali)","ses","ses-ML","ses","ses","ZZZ","0"
"sg","Sango","SÃ¤ngÃ¶","","sg","sg","sag","ZZZ","1"
"sg-CF","Sango (Central African Republic)","SÃ¤ngÃ¶ (KÃ¶dÃ¶rÃ¶sÃªse tÃ® BÃªafrÃ®ka)","sg","sg-CF","sg","sag","ZZZ","0"
"shi","Tachelhit","âµœâ´°âµ›âµâµƒâµ‰âµœ","","shi","shi","shi","ZZZ","1"
"shi-Latn","Tachelhit (Latin)","Tachelhit (Latin)","shi","shi-Latn","shi","shi","ZZZ","1"
"shi-Latn-MA","Tachelhit (Latin, Morocco)","Tachelhit (Latin, Morocco)","shi-Latn","shi-Latn-MA","shi","shi","ZZZ","0"
"shi-Tfng","Tachelhit (Tifinagh)","Tachelhit (Tifinagh)","shi","shi-Tfng","shi","shi","ZZZ","1"
"shi-Tfng-MA","Tachelhit (Tifinagh, Morocco)","Tachelhit (Tifinagh, Morocco)","shi-Tfng","shi-Tfng-MA","shi","shi","ZZZ","0"
"si","Sinhala","à·ƒà·’à¶‚à·„à¶½","","si","si","sin","SIN","1"
"si-LK","Sinhala (Sri Lanka)","à·ƒà·’à¶‚à·„à¶½ (à·à·Šâ€à¶»à·“ à¶½à¶‚à¶šà·à·€)","si","si-LK","si","sin","SIN","0"
"sk","Slovak","slovenÄina","","sk","sk","slk","SKY","1"
"sk-SK","Slovak (Slovakia)","slovenÄina (Slovensko)","sk","sk-SK","sk","slk","SKY","0"
"sl","Slovenian","slovenÅ¡Äina","","sl","sl","slv","SLV","1"
"sl-SI","Slovenian (Slovenia)","slovenÅ¡Äina (Slovenija)","sl","sl-SI","sl","slv","SLV","0"
"sma","Southern Sami","Ã…arjelsaemien gÃ¯ele","","sma","sma","sma","SMB","1"
"sma-NO","Southern Sami (Norway)","Southern Sami (Norway)","sma","sma-NO","sma","sma","SMA","0"
"sma-SE","Southern Sami (Sweden)","Southern Sami (Sweden)","sma","sma-SE","sma","sma","SMB","0"
"smj","Lule Sami","julevsÃ¡megiella","","smj","smj","smj","SMK","1"
"smj-NO","Lule Sami (Norway)","Lule Sami (Norway)","smj","smj-NO","smj","smj","SMJ","0"
"smj-SE","Lule Sami (Sweden)","Lule Sami (Sweden)","smj","smj-SE","smj","smj","SMK","0"
"smn","Inari Sami","anarÃ¢Å¡kielÃ¢","","smn","smn","smn","SMN","1"
"smn-FI","Inari Sami (Finland)","anarÃ¢Å¡kielÃ¢ (SuomÃ¢)","smn","smn-FI","smn","smn","SMN","0"
"sms","Skolt Sami","Skolt Sami","","sms","sms","sms","SMS","1"
"sms-FI","Skolt Sami (Finland)","Skolt Sami (Finland)","sms","sms-FI","sms","sms","SMS","0"
"sn","Shona","chiShona","","sn","sn","sna","SNA","1"
"sn-ZW","Shona (Zimbabwe)","chiShona (Zimbabwe)","sn","sn-ZW","sn","sna","ZZZ","0"
"so","Somali","Soomaali","","so","so","som","SOM","1"
"so-DJ","Somali (Djibouti)","Soomaali (Jabuuti)","so","so-DJ","so","som","ZZZ","0"
"so-ET","Somali (Ethiopia)","Soomaali (Itoobiya)","so","so-ET","so","som","ZZZ","0"
"so-KE","Somali (Kenya)","Soomaali (Kenya)","so","so-KE","so","som","ZZZ","0"
"so-SO","Somali (Somalia)","Soomaali (Soomaaliya)","so","so-SO","so","som","SOM","0"
"sq","Albanian","shqip","","sq","sq","sqi","SQI","1"
"sq-AL","Albanian (Albania)","shqip (ShqipÃ«ri)","sq","sq-AL","sq","sqi","SQI","0"
"sq-MK","Albanian (North Macedonia)","shqip (Maqedonia e Veriut)","sq","sq-MK","sq","sqi","ZZZ","0"
"sq-XK","Albanian (Kosovo)","shqip (KosovÃ«)","sq","sq-XK","sq","sqi","ZZZ","0"
"sr","Serbian","ÑÑ€Ğ¿ÑĞºĞ¸","","sr","sr","srp","SRB","1"
"sr-Cyrl","Serbian (Cyrillic)","ÑÑ€Ğ¿ÑĞºĞ¸ (Ñ›Ğ¸Ñ€Ğ¸Ğ»Ğ¸Ñ†Ğ°)","sr","sr-Cyrl","sr","srp","SRO","1"
"sr-Cyrl-BA","Serbian (Cyrillic, Bosnia & Herzegovina)","ÑÑ€Ğ¿ÑĞºĞ¸ (Ñ›Ğ¸Ñ€Ğ¸Ğ»Ğ¸Ñ†Ğ°, Ğ‘Ğ¾ÑĞ½Ğ° Ğ¸ Ğ¥ĞµÑ€Ñ†ĞµĞ³Ğ¾Ğ²Ğ¸Ğ½Ğ°)","sr-Cyrl","sr-Cyrl-BA","sr","srp","SRN","0"
"sr-Cyrl-ME","Serbian (Cyrillic, Montenegro)","ÑÑ€Ğ¿ÑĞºĞ¸ (Ñ›Ğ¸Ñ€Ğ¸Ğ»Ğ¸Ñ†Ğ°, Ğ¦Ñ€Ğ½Ğ° Ğ“Ğ¾Ñ€Ğ°)","sr-Cyrl","sr-Cyrl-ME","sr","srp","SRQ","0"
"sr-Cyrl-RS","Serbian (Cyrillic, Serbia)","ÑÑ€Ğ¿ÑĞºĞ¸ (Ñ›Ğ¸Ñ€Ğ¸Ğ»Ğ¸Ñ†Ğ°, Ğ¡Ñ€Ğ±Ğ¸Ñ˜Ğ°)","sr-Cyrl","sr-Cyrl-RS","sr","srp","SRO","0"
"sr-Cyrl-XK","Serbian (Cyrillic, Kosovo)","ÑÑ€Ğ¿ÑĞºĞ¸ (Ñ›Ğ¸Ñ€Ğ¸Ğ»Ğ¸Ñ†Ğ°, ĞšĞ¾ÑĞ¾Ğ²Ğ¾)","sr-Cyrl","sr-Cyrl-XK","sr","srp","ZZZ","0"
"sr-Latn","Serbian (Latin)","srpski (latinica)","sr","sr-Latn","sr","srp","SRM","1"
"sr-Latn-BA","Serbian (Latin, Bosnia & Herzegovina)","srpski (latinica, Bosna i Hercegovina)","sr-Latn","sr-Latn-BA","sr","srp","SRS","0"
"sr-Latn-ME","Serbian (Latin, Montenegro)","srpski (latinica, Crna Gora)","sr-Latn","sr-Latn-ME","sr","srp","SRP","0"
"sr-Latn-RS","Serbian (Latin, Serbia)","srpski (latinica, Srbija)","sr-Latn","sr-Latn-RS","sr","srp","SRM","0"
"sr-Latn-XK","Serbian (Latin, Kosovo)","srpski (latinica, Kosovo)","sr-Latn","sr-Latn-XK","sr","srp","ZZZ","0"
"ss","siSwati","siSwati","","ss","ss","ssw","ZZZ","1"
"ss-SZ","siSwati (Eswatini)","siSwati (eSwatini)","ss","ss-SZ","ss","ssw","ZZZ","0"
"ss-ZA","siSwati (South Africa)","siSwati (South Africa)","ss","ss-ZA","ss","ssw","ZZZ","0"
"ssy","Saho","Saho","","ssy","ssy","ssy","ZZZ","1"
"ssy-ER","Saho (Eritrea)","Saho (Eritrea)","ssy","ssy-ER","ssy","ssy","ZZZ","0"
"st","Sesotho","Sesotho","","st","st","sot","SOT","1"
"st-LS","Sesotho (Lesotho)","Sesotho (Lesotho)","st","st-LS","st","sot","ZZZ","0"
"st-ZA","Sesotho (South Africa)","Sesotho (South Africa)","st","st-ZA","st","sot","SOT","0"
"su","Sundanese","Basa Sunda","","su","su","sun","ZZZ","1"
"su-Latn","Sundanese (Latin)","Basa Sunda (Latin)","su","su-Latn","su","sun","ZZZ","1"
"su-Latn-ID","Sundanese (Latin, Indonesia)","Sundanese (Latin, Indonesia)","su-Latn","su-Latn-ID","su","sun","ZZZ","0"
"sv","Swedish","svenska","","sv","sv","swe","SVE","1"
"sv-AX","Swedish (Ã…land Islands)","svenska (Ã…land)","sv","sv-AX","sv","swe","ZZZ","0"
"sv-FI","Swedish (Finland)","svenska (Finland)","sv","sv-FI","sv","swe","SVF","0"
"sv-SE","Swedish (Sweden)","svenska (Sverige)","sv","sv-SE","sv","swe","SVE","0"
"sw","Kiswahili","Kiswahili","","sw","sw","swa","SWK","1"
"sw-CD","Kiswahili (Congo [DRC])","Kiswahili (Jamhuri ya Kidemokrasia ya Kongo)","sw","sw-CD","sw","swa","ZZZ","0"
"sw-KE","Kiswahili (Kenya)","Kiswahili (Kenya)","sw","sw-KE","sw","swa","SWK","0"
"sw-TZ","Kiswahili (Tanzania)","Kiswahili (Tanzania)","sw","sw-TZ","sw","swa","ZZZ","0"
"sw-UG","Kiswahili (Uganda)","Kiswahili (Uganda)","sw","sw-UG","sw","swa","ZZZ","0"
"syr","Syriac","Syriac","","syr","syr","syr","SYR","1"
"syr-SY","Syriac (Syria)","Syriac (Syria)","syr","syr-SY","syr","syr","SYR","0"
"ta","Tamil","à®¤à®®à®¿à®´à¯","","ta","ta","tam","TAI","1"
"ta-IN","Tamil (India)","à®¤à®®à®¿à®´à¯ (à®‡à®¨à¯à®¤à®¿à®¯à®¾)","ta","ta-IN","ta","tam","TAI","0"
"ta-LK","Tamil (Sri Lanka)","à®¤à®®à®¿à®´à¯ (à®‡à®²à®™à¯à®•à¯ˆ)","ta","ta-LK","ta","tam","TAM","0"
"ta-MY","Tamil (Malaysia)","à®¤à®®à®¿à®´à¯ (à®®à®²à¯‡à®šà®¿à®¯à®¾)","ta","ta-MY","ta","tam","ZZZ","0"
"ta-SG","Tamil (Singapore)","à®¤à®®à®¿à®´à¯ (à®šà®¿à®™à¯à®•à®ªà¯à®ªà¯‚à®°à¯)","ta","ta-SG","ta","tam","ZZZ","0"
"te","Telugu","à°¤à±†à°²à±à°—à±","","te","te","tel","TEL","1"
"te-IN","Telugu (India)","à°¤à±†à°²à±à°—à± (à°­à°¾à°°à°¤à°¦à±‡à°¶à°‚)","te","te-IN","te","tel","TEL","0"
"teo","Teso","Kiteso","","teo","teo","teo","ZZZ","1"
"teo-KE","Teso (Kenya)","Kiteso (Kenia)","teo","teo-KE","teo","teo","ZZZ","0"
"teo-UG","Teso (Uganda)","Kiteso (Uganda)","teo","teo-UG","teo","teo","ZZZ","0"
"tg","Tajik","Ñ‚Ğ¾Ò·Ğ¸ĞºÓ£","","tg","tg","tgk","TAJ","1"
"tg-TJ","Tajik (Tajikistan)","Ñ‚Ğ¾Ò·Ğ¸ĞºÓ£ (Ğ¢Ğ¾Ò·Ğ¸ĞºĞ¸ÑÑ‚Ğ¾Ğ½)","tg","tg-TJ","tg","tgk","ZZZ","0"
"th","Thai","à¹„à¸—à¸¢","","th","th","tha","THA","1"
"th-TH","Thai (Thailand)","à¹„à¸—à¸¢ (à¹„à¸—à¸¢)","th","th-TH","th","tha","THA","0"
"ti","Tigrinya","á‰µáŒáˆ­","","ti","ti","tir","TIR","1"
"ti-ER","Tigrinya (Eritrea)","á‰µáŒáˆ­ (áŠ¤áˆ­á‰µáˆ«)","ti","ti-ER","ti","tir","TIR","0"
"ti-ET","Tigrinya (Ethiopia)","á‰µáŒáˆ­ (áŠ¢á‰µá‹®áŒµá‹«)","ti","ti-ET","ti","tir","TIE","0"
"tig","Tigre","Tigre","","tig","tig","tig","ZZZ","1"
"tig-ER","Tigre (Eritrea)","Tigre (Eritrea)","tig","tig-ER","tig","tig","ZZZ","0"
"tk","Turkmen","tÃ¼rkmen dili","","tk","tk","tuk","TUK","1"
"tk-TM","Turkmen (Turkmenistan)","tÃ¼rkmen dili (TÃ¼rkmenistan)","tk","tk-TM","tk","tuk","TUK","0"
"tn","Setswana","Setswana","","tn","tn","tsn","TSN","1"
"tn-BW","Setswana (Botswana)","Setswana (Botswana)","tn","tn-BW","tn","tsn","TSB","0"
"tn-ZA","Setswana (South Africa)","Setswana (South Africa)","tn","tn-ZA","tn","tsn","TSN","0"
"to","Tongan","lea fakatonga","","to","to","ton","ZZZ","1"
"to-TO","Tongan (Tonga)","lea fakatonga (Tonga)","to","to-TO","to","ton","ZZZ","0"
"tr","Turkish","TÃ¼rkÃ§e","","tr","tr","tur","TRK","1"
"tr-CY","Turkish (Cyprus)","TÃ¼rkÃ§e (KÄ±brÄ±s)","tr","tr-CY","tr","tur","ZZZ","0"
"tr-TR","Turkish (Turkey)","TÃ¼rkÃ§e (TÃ¼rkiye)","tr","tr-TR","tr","tur","TRK","0"
"ts","Xitsonga","Xitsonga","","ts","ts","tso","TSO","1"
"ts-ZA","Xitsonga (South Africa)","Xitsonga (South Africa)","ts","ts-ZA","ts","tso","TSO","0"
"tt","Tatar","Ñ‚Ğ°Ñ‚Ğ°Ñ€","","tt","tt","tat","TTT","1"
"tt-RU","Tatar (Russia)","Ñ‚Ğ°Ñ‚Ğ°Ñ€ (Ğ Ğ¾ÑÑĞ¸Ñ)","tt","tt-RU","tt","tat","TTT","0"
"twq","Tasawaq","Tasawaq senni","","twq","twq","twq","ZZZ","1"
"twq-NE","Tasawaq (Niger)","Tasawaq senni (NiÅ¾er)","twq","twq-NE","twq","twq","ZZZ","0"
"tzm","Central Atlas Tamazight","TamaziÉ£t n laá¹­laá¹£","","tzm","tzm","tzm","TZA","1"
"tzm-Arab","Central Atlas Tamazight (Arabic)","Central Atlas Tamazight (Arabic)","tzm","tzm-Arab","tzm","tzm","ZZZ","1"
"tzm-Arab-MA","Central Atlas Tamazight (Arabic, Morocco)","Central Atlas Tamazight (Arabic, Morocco)","tzm-Arab","tzm-Arab-MA","tzm","tzm","ZZZ","0"
"tzm-DZ","Central Atlas Tamazight (Algeria)","TamaziÉ£t n laá¹­laá¹£ (Dzayer)","tzm","tzm-DZ","tzm","tzm","ZZZ","0"
"tzm-MA","Central Atlas Tamazight (Morocco)","TamaziÉ£t n laá¹­laá¹£ (Meá¹›á¹›uk)","tzm","tzm-MA","tzm","tzm","ZZZ","0"
"tzm-Tfng","Central Atlas Tamazight (Tifinagh)","Central Atlas Tamazight (Tifinagh)","tzm","tzm-Tfng","tzm","tzm","TZM","1"
"tzm-Tfng-MA","Central Atlas Tamazight (Tifinagh, Morocco)","Central Atlas Tamazight (Tifinagh, Morocco)","tzm-Tfng","tzm-Tfng-MA","tzm","tzm","TZM","0"
"ug","Uyghur","Ø¦Û‡ÙŠØºÛ‡Ø±Ú†Û•","","ug","ug","uig","UIG","1"
"ug-CN","Uyghur (China)","Ø¦Û‡ÙŠØºÛ‡Ø±Ú†Û• (Ø¬Û‡Ú­Ú¯Ùˆ)","ug","ug-CN","ug","uig","UIG","0"
"uk","Ukrainian","ÑƒĞºÑ€Ğ°Ñ—Ğ½ÑÑŒĞºĞ°","","uk","uk","ukr","UKR","1"
"uk-UA","Ukrainian (Ukraine)","ÑƒĞºÑ€Ğ°Ñ—Ğ½ÑÑŒĞºĞ° (Ğ£ĞºÑ€Ğ°Ñ—Ğ½Ğ°)","uk","uk-UA","uk","ukr","UKR","0"
"ur","Urdu","Ø§Ø±Ø¯Ùˆ","","ur","ur","urd","URD","1"
"ur-IN","Urdu (India)","Ø§Ø±Ø¯Ùˆ (Ø¨Ú¾Ø§Ø±Øª)","ur","ur-IN","ur","urd","URI","0"
"ur-PK","Urdu (Pakistan)","Ø§Ø±Ø¯Ùˆ (Ù¾Ø§Ú©Ø³ØªØ§Ù†)","ur","ur-PK","ur","urd","URD","0"
"uz","Uzbek","oâ€˜zbek","","uz","uz","uzb","UZB","1"
"uz-Arab","Uzbek (Arabic)","Ø§ÙˆØ²Ø¨ÛŒÚ© (Ø¹Ø±Ø¨ÛŒ)","uz","uz-Arab","uz","uzb","ZZZ","1"
"uz-Arab-AF","Uzbek (Arabic, Afghanistan)","Ø§ÙˆØ²Ø¨ÛŒÚ© (Ø¹Ø±Ø¨ÛŒ, Ø§ÙØºØ§Ù†Ø³ØªØ§Ù†)","uz-Arab","uz-Arab-AF","uz","uzb","ZZZ","0"
"uz-Cyrl","Uzbek (Cyrillic)","ÑĞ·Ğ±ĞµĞºÑ‡Ğ° (ĞšĞ¸Ñ€Ğ¸Ğ»)","uz","uz-Cyrl","uz","uzb","UZC","1"
"uz-Cyrl-UZ","Uzbek (Cyrillic, Uzbekistan)","ÑĞ·Ğ±ĞµĞºÑ‡Ğ° (ĞšĞ¸Ñ€Ğ¸Ğ», ĞĞ·Ğ±ĞµĞºĞ¸ÑÑ‚Ğ¾Ğ½)","uz-Cyrl","uz-Cyrl-UZ","uz","uzb","UZC","0"
"uz-Latn","Uzbek (Latin)","oâ€˜zbek (lotin)","uz","uz-Latn","uz","uzb","UZB","1"
"uz-Latn-UZ","Uzbek (Latin, Uzbekistan)","oâ€˜zbek (lotin, OÊ»zbekiston)","uz-Latn","uz-Latn-UZ","uz","uzb","UZB","0"
"vai","Vai","ê•™ê”¤","","vai","vai","vai","ZZZ","1"
"vai-Latn","Vai (Latin)","Vai (Latin)","vai","vai-Latn","vai","vai","ZZZ","1"
"vai-Latn-LR","Vai (Latin, Liberia)","Vai (Latin, Liberia)","vai-Latn","vai-Latn-LR","vai","vai","ZZZ","0"
"vai-Vaii","Vai (Vai)","Vai (Vai)","vai","vai-Vaii","vai","vai","ZZZ","1"
"vai-Vaii-LR","Vai (Vai, Liberia)","Vai (Vai, Liberia)","vai-Vaii","vai-Vaii-LR","vai","vai","ZZZ","0"
"ve","Venda","Venda","","ve","ve","ven","ZZZ","1"
"ve-ZA","Venda (South Africa)","Venda (South Africa)","ve","ve-ZA","ve","ven","ZZZ","0"
"vi","Vietnamese","Tiáº¿ng Viá»‡t","","vi","vi","vie","VIT","1"
"vi-VN","Vietnamese (Vietnam)","Tiáº¿ng Viá»‡t (Viá»‡t Nam)","vi","vi-VN","vi","vie","VIT","0"
"vo","VolapÃ¼k","VolapÃ¼k","","vo","vo","vol","ZZZ","1"
"vo-001","VolapÃ¼k (World)","VolapÃ¼k (World)","vo","vo-001","vo","vol","ZZZ","0"
"vun","Vunjo","Kyivunjo","","vun","vun","vun","ZZZ","1"
"vun-TZ","Vunjo (Tanzania)","Kyivunjo (Tanzania)","vun","vun-TZ","vun","vun","ZZZ","0"
"wae","Walser","Walser","","wae","wae","wae","ZZZ","1"
"wae-CH","Walser (Switzerland)","Walser (Schwiz)","wae","wae-CH","wae","wae","ZZZ","0"
"wal","Wolaytta","Wolaytta","","wal","wal","wal","ZZZ","1"
"wal-ET","Wolaytta (Ethiopia)","Wolaytta (Ethiopia)","wal","wal-ET","wal","wal","ZZZ","0"
"wo","Wolof","Wolof","","wo","wo","wol","WOL","1"
"wo-SN","Wolof (Senegal)","Wolof (Senegaal)","wo","wo-SN","wo","wol","WOL","0"
"xh","isiXhosa","isiXhosa","","xh","xh","xho","XHO","1"
"xh-ZA","isiXhosa (South Africa)","isiXhosa (eMzantsi Afrika)","xh","xh-ZA","xh","xho","XHO","0"
"xog","Soga","Olusoga","","xog","xog","xog","ZZZ","1"
"xog-UG","Soga (Uganda)","Olusoga (Yuganda)","xog","xog-UG","xog","xog","ZZZ","0"
"yav","Yangben","nuasue","","yav","yav","yav","ZZZ","1"
"yav-CM","Yangben (Cameroon)","nuasue (KemelÃºn)","yav","yav-CM","yav","yav","ZZZ","0"
"yi","Yiddish","×™×™Ö´×“×™×©","","yi","yi","yid","ZZZ","1"
"yi-001","Yiddish (World)","×™×™Ö´×“×™×© (×•×•×¢×œ×˜)","yi","yi-001","yi","yid","ZZZ","0"
"yo","Yoruba","ÃˆdÃ¨ YorÃ¹bÃ¡","","yo","yo","yor","YOR","1"
"yo-BJ","Yoruba (Benin)","ÃˆdÃ¨ YorÃ¹bÃ¡ (BÉ›Ì€nÉ›Ì€)","yo","yo-BJ","yo","yor","ZZZ","0"
"yo-NG","Yoruba (Nigeria)","ÃˆdÃ¨ YorÃ¹bÃ¡ (NÃ Ã¬jÃ­rÃ­Ã )","yo","yo-NG","yo","yor","YOR","0"
"zgh","Standard Moroccan Tamazight","âµœâ´°âµâ´°âµ£âµ‰âµ–âµœ","","zgh","zgh","zgh","ZHG","1"
"zgh-MA","Standard Moroccan Tamazight (Morocco)","âµœâ´°âµâ´°âµ£âµ‰âµ–âµœ (âµâµâµ–âµ”âµ‰â´±)","zgh","zgh-MA","zgh","zgh","ZZZ","0"
"zh","Chinese","ä¸­æ–‡","","zh","zh","zho","CHS","1"
"zh-Hans","Chinese (Simplified)","ä¸­æ–‡ï¼ˆç®€ä½“ï¼‰","zh","zh-Hans","zh","zho","CHS","1"
"zh-Hans-CN","Chinese (Simplified, China)","ä¸­æ–‡ï¼ˆç®€ä½“ï¼Œä¸­å›½ï¼‰","zh-Hans","zh-Hans-CN","zh","zho","ZZZ","0"
"zh-Hans-HK","Chinese (Simplified, Hong Kong SAR)","ä¸­æ–‡ï¼ˆç®€ä½“ï¼Œé¦™æ¸¯ç‰¹åˆ«è¡Œæ”¿åŒºï¼‰","zh-Hans","zh-Hans-HK","zh","zho","ZZZ","0"
"zh-Hans-MO","Chinese (Simplified, Macao SAR)","ä¸­æ–‡ï¼ˆç®€ä½“ï¼Œæ¾³é—¨ç‰¹åˆ«è¡Œæ”¿åŒºï¼‰","zh-Hans","zh-Hans-MO","zh","zho","ZZZ","0"
"zh-Hans-SG","Chinese (Simplified, Singapore)","ä¸­æ–‡ï¼ˆç®€ä½“ï¼Œæ–°åŠ å¡ï¼‰","zh-Hans","zh-Hans-SG","zh","zho","ZZZ","0"
"zh-Hant","Chinese (Traditional)","ä¸­æ–‡ï¼ˆç¹é«”ï¼‰","zh","zh-Hant","zh","zho","ZHH","1"
"zh-Hant-HK","Chinese (Traditional, Hong Kong SAR)","ä¸­æ–‡ï¼ˆç¹é«”å­—ï¼Œé¦™æ¸¯ç‰¹åˆ¥è¡Œæ”¿å€ï¼‰","zh-Hant","zh-Hant-HK","zh","zho","ZZZ","0"
"zh-Hant-MO","Chinese (Traditional, Macao SAR)","ä¸­æ–‡ï¼ˆç¹é«”å­—ï¼Œæ¾³é–€ç‰¹åˆ¥è¡Œæ”¿å€ï¼‰","zh-Hant","zh-Hant-MO","zh","zho","ZZZ","0"
"zh-Hant-TW","Chinese (Traditional, Taiwan)","ä¸­æ–‡ï¼ˆç¹é«”ï¼Œå°ç£ï¼‰","zh-Hant","zh-Hant-TW","zh","zho","ZZZ","0"
"zu","isiZulu","isiZulu","","zu","zu","zul","ZUL","1"
"zu-ZA","isiZulu (South Africa)","isiZulu (iNingizimu Afrika)","zu","zu-ZA","zu","zul","ZUL","0"
